[38;5;242m╭─ [1;38;5;81m◆ nux[38;5;242m ─────────────────────────────────[0m
[38;5;242m│[0m  [1mtest_lexer.nux[0m  [38;5;242m·  building ...[0m
[38;5;242m╰────────────────────────────────────────[0m

[1;38;5;203m╳ nux found 422 issues in [1mtest_lexer.nux[0m

[38;5;242m  issue #[0m[38;5;220m1[0m · [38;5;242mUnknown class 'File'[0m
[38;5;242m  ┌─ [0mtest_lexer.nux:9:19
[38;5;242m  │[0m
[38;5;242m  │[0m [38;5;242m  9[0m[38;5;242m ┊[0m          this.path = path;
[38;5;242m  │[0m                        [1;38;5;203m^[0m
[38;5;242m  └─[0m

[38;5;242m  issue #[0m[38;5;220m2[0m · [38;5;242mUnknown class 'File'[0m
[38;5;242m  ┌─ [0mtest_lexer.nux:13:35
[38;5;242m  │[0m
[38;5;242m  │[0m [38;5;242m 13[0m[38;5;242m ┊[0m          return file_read(this.path);
[38;5;242m  │[0m                                        [1;38;5;203m^[0m
[38;5;242m  └─[0m

[38;5;242m  issue #[0m[38;5;220m3[0m · [38;5;242mUnknown class 'Lexer'[0m
[38;5;242m  ┌─ [0mtest_lexer.nux:401:21
[38;5;242m  │[0m
[38;5;242m  │[0m [38;5;242m401[0m[38;5;242m ┊[0m          this.source = src;
[38;5;242m  │[0m                          [1;38;5;203m^[0m
[38;5;242m  └─[0m

[38;5;242m  issue #[0m[38;5;220m4[0m · [38;5;242mUnknown class 'Lexer'[0m
[38;5;242m  ┌─ [0mtest_lexer.nux:402:18
[38;5;242m  │[0m
[38;5;242m  │[0m [38;5;242m402[0m[38;5;242m ┊[0m          this.pos = 0;
[38;5;242m  │[0m                       [1;38;5;203m^[0m
[38;5;242m  └─[0m

[38;5;242m  issue #[0m[38;5;220m5[0m · [38;5;242mUnknown class 'Lexer'[0m
[38;5;242m  ┌─ [0mtest_lexer.nux:403:21
[38;5;242m  │[0m
[38;5;242m  │[0m [38;5;242m403[0m[38;5;242m ┊[0m          this.length = str_len(src);
[38;5;242m  │[0m                          [1;38;5;203m^[0m
[38;5;242m  └─[0m

[38;5;242m  issue #[0m[38;5;220m6[0m · [38;5;242mUnknown class 'Lexer'[0m
[38;5;242m  ┌─ [0mtest_lexer.nux:404:19
[38;5;242m  │[0m
[38;5;242m  │[0m [38;5;242m404[0m[38;5;242m ┊[0m          this.line = 1;
[38;5;242m  │[0m                        [1;38;5;203m^[0m
[38;5;242m  └─[0m

[38;5;242m  issue #[0m[38;5;220m7[0m · [38;5;242mUnknown class 'Lexer'[0m
[38;5;242m  ┌─ [0mtest_lexer.nux:405:18
[38;5;242m  │[0m
[38;5;242m  │[0m [38;5;242m405[0m[38;5;242m ┊[0m          this.col = 1;
[38;5;242m  │[0m                       [1;38;5;203m^[0m
[38;5;242m  └─[0m

[38;5;242m  issue #[0m[38;5;220m8[0m · [38;5;242mUnknown class 'Lexer'[0m
[38;5;242m  ┌─ [0mtest_lexer.nux:406:22
[38;5;242m  │[0m
[38;5;242m  │[0m [38;5;242m406[0m[38;5;242m ┊[0m          this.tk_kind = TK_EOF;
[38;5;242m  │[0m                           [1;38;5;203m^[0m
[38;5;242m  └─[0m

[38;5;242m  issue #[0m[38;5;220m9[0m · [38;5;242mUnknown class 'Lexer'[0m
[38;5;242m  ┌─ [0mtest_lexer.nux:407:22
[38;5;242m  │[0m
[38;5;242m  │[0m [38;5;242m407[0m[38;5;242m ┊[0m          this.tk_line = 1;
[38;5;242m  │[0m                           [1;38;5;203m^[0m
[38;5;242m  └─[0m

[38;5;242m  issue #[0m[38;5;220m10[0m · [38;5;242mUnknown class 'Lexer'[0m
[38;5;242m  ┌─ [0mtest_lexer.nux:408:21
[38;5;242m  │[0m
[38;5;242m  │[0m [38;5;242m408[0m[38;5;242m ┊[0m          this.tk_col = 1;
[38;5;242m  │[0m                          [1;38;5;203m^[0m
[38;5;242m  └─[0m

[38;5;242m  issue #[0m[38;5;220m11[0m · [38;5;242mUnknown class 'Lexer'[0m
[38;5;242m  ┌─ [0mtest_lexer.nux:409:23
[38;5;242m  │[0m
[38;5;242m  │[0m [38;5;242m409[0m[38;5;242m ┊[0m          this.tk_start = 0;
[38;5;242m  │[0m                            [1;38;5;203m^[0m
[38;5;242m  └─[0m

[38;5;242m  issue #[0m[38;5;220m12[0m · [38;5;242mUnknown class 'Lexer'[0m
[38;5;242m  ┌─ [0mtest_lexer.nux:410:21
[38;5;242m  │[0m
[38;5;242m  │[0m [38;5;242m410[0m[38;5;242m ┊[0m          this.tk_end = 0;
[38;5;242m  │[0m                          [1;38;5;203m^[0m
[38;5;242m  └─[0m

[38;5;242m  issue #[0m[38;5;220m13[0m · [38;5;242mUnknown class 'Lexer'[0m
[38;5;242m  ┌─ [0mtest_lexer.nux:411:22
[38;5;242m  │[0m
[38;5;242m  │[0m [38;5;242m411[0m[38;5;242m ┊[0m          this.tk_ival = 0;
[38;5;242m  │[0m                           [1;38;5;203m^[0m
[38;5;242m  └─[0m

[38;5;242m  issue #[0m[38;5;220m14[0m · [38;5;242mUnknown class 'Lexer'[0m
[38;5;242m  ┌─ [0mtest_lexer.nux:412:22
[38;5;242m  │[0m
[38;5;242m  │[0m [38;5;242m412[0m[38;5;242m ┊[0m          this.tk_fval = 0;
[38;5;242m  │[0m                           [1;38;5;203m^[0m
[38;5;242m  └─[0m

[38;5;242m  issue #[0m[38;5;220m15[0m · [38;5;242mUnknown class 'Lexer'[0m
[38;5;242m  ┌─ [0mtest_lexer.nux:413:24
[38;5;242m  │[0m
[38;5;242m  │[0m [38;5;242m413[0m[38;5;242m ┊[0m          this.last_kind = 0;
[38;5;242m  │[0m                             [1;38;5;203m^[0m
[38;5;242m  └─[0m

[38;5;242m  issue #[0m[38;5;220m16[0m · [38;5;242mUnknown class 'Lexer'[0m
[38;5;242m  ┌─ [0mtest_lexer.nux:414:27
[38;5;242m  │[0m
[38;5;242m  │[0m [38;5;242m414[0m[38;5;242m ┊[0m          this.pending_semi = 0;
[38;5;242m  │[0m                                [1;38;5;203m^[0m
[38;5;242m  └─[0m

[38;5;242m  issue #[0m[38;5;220m17[0m · [38;5;242mUnknown class 'Lexer'[0m
[38;5;242m  ┌─ [0mtest_lexer.nux:418:22
[38;5;242m  │[0m
[38;5;242m  │[0m [38;5;242m418[0m[38;5;242m ┊[0m          if (this.pos < this.length) {
[38;5;242m  │[0m                           [1;38;5;203m^[0m
[38;5;242m  └─[0m

[38;5;242m  issue #[0m[38;5;220m18[0m · [38;5;242mUnknown class 'Lexer'[0m
[38;5;242m  ┌─ [0mtest_lexer.nux:419:41
[38;5;242m  │[0m
[38;5;242m  │[0m [38;5;242m419[0m[38;5;242m ┊[0m              var c = str_char(this.source, this.pos);
[38;5;242m  │[0m                                              [1;38;5;203m^[0m
[38;5;242m  └─[0m

[38;5;242m  issue #[0m[38;5;220m19[0m · [38;5;242mUnknown class 'Lexer'[0m
[38;5;242m  ┌─ [0mtest_lexer.nux:420:22
[38;5;242m  │[0m
[38;5;242m  │[0m [38;5;242m420[0m[38;5;242m ┊[0m              this.pos = this.pos + 1;
[38;5;242m  │[0m                           [1;38;5;203m^[0m
[38;5;242m  └─[0m

[38;5;242m  issue #[0m[38;5;220m20[0m · [38;5;242mUndefined variable 'c'[0m
[38;5;242m  ┌─ [0mtest_lexer.nux:421:19
[38;5;242m  │[0m
[38;5;242m  │[0m [38;5;242m421[0m[38;5;242m ┊[0m              if (c == 10) {
[38;5;242m  │[0m                        [1;38;5;203m^[0m
[38;5;242m  └─[0m

[38;5;242m  issue #[0m[38;5;220m21[0m · [38;5;242mUnknown class 'Lexer'[0m
[38;5;242m  ┌─ [0mtest_lexer.nux:423:26
[38;5;242m  │[0m
[38;5;242m  │[0m [38;5;242m423[0m[38;5;242m ┊[0m                  this.col = 1;
[38;5;242m  │[0m                               [1;38;5;203m^[0m
[38;5;242m  └─[0m

[38;5;242m  issue #[0m[38;5;220m22[0m · [38;5;242mOnly functions/fields allowed in classes for now[0m
[38;5;242m  ┌─ [0mtest_lexer.nux:424:15
[38;5;242m  │[0m
[38;5;242m  │[0m [38;5;242m424[0m[38;5;242m ┊[0m              } else {
[38;5;242m  │[0m                    [1;38;5;203m^[0m
[38;5;242m  └─[0m

[38;5;242m  issue #[0m[38;5;220m23[0m · [38;5;242mUnexpected token at top level: RBrace[0m
[38;5;242m  ┌─ [0mtest_lexer.nux:426:13
[38;5;242m  │[0m
[38;5;242m  │[0m [38;5;242m426[0m[38;5;242m ┊[0m              }
[38;5;242m  │[0m                  [1;38;5;203m^[0m
[38;5;242m  └─[0m

[38;5;242m  issue #[0m[38;5;220m24[0m · [38;5;242mUnexpected token at top level: RBrace[0m
[38;5;242m  ┌─ [0mtest_lexer.nux:427:9
[38;5;242m  │[0m
[38;5;242m  │[0m [38;5;242m427[0m[38;5;242m ┊[0m          }
[38;5;242m  │[0m              [1;38;5;203m^[0m
[38;5;242m  └─[0m

[38;5;242m  issue #[0m[38;5;220m25[0m · [38;5;242mUnexpected token at top level: RBrace[0m
[38;5;242m  ┌─ [0mtest_lexer.nux:428:5
[38;5;242m  │[0m
[38;5;242m  │[0m [38;5;242m428[0m[38;5;242m ┊[0m      }
[38;5;242m  │[0m          [1;38;5;203m^[0m
[38;5;242m  └─[0m

[38;5;242m  issue #[0m[38;5;220m26[0m · [38;5;242mUndefined variable 'this'[0m
[38;5;242m  ┌─ [0mtest_lexer.nux:431:17
[38;5;242m  │[0m
[38;5;242m  │[0m [38;5;242m431[0m[38;5;242m ┊[0m          if (this.pos >= this.length) { return 0; }
[38;5;242m  │[0m                      [1;38;5;203m^[0m
[38;5;242m  └─[0m

[38;5;242m  issue #[0m[38;5;220m27[0m · [38;5;242mUndefined variable 'this'[0m
[38;5;242m  ┌─ [0mtest_lexer.nux:432:29
[38;5;242m  │[0m
[38;5;242m  │[0m [38;5;242m432[0m[38;5;242m ┊[0m          return str_char(this.source, this.pos);
[38;5;242m  │[0m                                  [1;38;5;203m^[0m
[38;5;242m  └─[0m

[38;5;242m  issue #[0m[38;5;220m28[0m · [38;5;242mUnexpected token at top level: RBrace[0m
[38;5;242m  ┌─ [0mtest_lexer.nux:433:5
[38;5;242m  │[0m
[38;5;242m  │[0m [38;5;242m433[0m[38;5;242m ┊[0m      }
[38;5;242m  │[0m          [1;38;5;203m^[0m
[38;5;242m  └─[0m

[38;5;242m  issue #[0m[38;5;220m29[0m · [38;5;242mUndefined variable 'this'[0m
[38;5;242m  ┌─ [0mtest_lexer.nux:436:17
[38;5;242m  │[0m
[38;5;242m  │[0m [38;5;242m436[0m[38;5;242m ┊[0m          if (this.pos + 1 >= this.length) { return 0; }
[38;5;242m  │[0m                      [1;38;5;203m^[0m
[38;5;242m  └─[0m

[38;5;242m  issue #[0m[38;5;220m30[0m · [38;5;242mUndefined variable 'this'[0m
[38;5;242m  ┌─ [0mtest_lexer.nux:437:29
[38;5;242m  │[0m
[38;5;242m  │[0m [38;5;242m437[0m[38;5;242m ┊[0m          return str_char(this.source, this.pos + 1);
[38;5;242m  │[0m                                  [1;38;5;203m^[0m
[38;5;242m  └─[0m

[38;5;242m  issue #[0m[38;5;220m31[0m · [38;5;242mUnexpected token at top level: RBrace[0m
[38;5;242m  ┌─ [0mtest_lexer.nux:438:5
[38;5;242m  │[0m
[38;5;242m  │[0m [38;5;242m438[0m[38;5;242m ┊[0m      }
[38;5;242m  │[0m          [1;38;5;203m^[0m
[38;5;242m  └─[0m

[38;5;242m  issue #[0m[38;5;220m32[0m · [38;5;242mUndefined variable 'this'[0m
[38;5;242m  ┌─ [0mtest_lexer.nux:441:22
[38;5;242m  │[0m
[38;5;242m  │[0m [38;5;242m441[0m[38;5;242m ┊[0m          this.tk_kind = kind;
[38;5;242m  │[0m                           [1;38;5;203m^[0m
[38;5;242m  └─[0m

[38;5;242m  issue #[0m[38;5;220m33[0m · [38;5;242mUndefined variable 'this'[0m
[38;5;242m  ┌─ [0mtest_lexer.nux:442:21
[38;5;242m  │[0m
[38;5;242m  │[0m [38;5;242m442[0m[38;5;242m ┊[0m          this.tk_end = this.pos;
[38;5;242m  │[0m                          [1;38;5;203m^[0m
[38;5;242m  └─[0m

[38;5;242m  issue #[0m[38;5;220m34[0m · [38;5;242mUndefined variable 'this'[0m
[38;5;242m  ┌─ [0mtest_lexer.nux:443:24
[38;5;242m  │[0m
[38;5;242m  │[0m [38;5;242m443[0m[38;5;242m ┊[0m          this.last_kind = kind;
[38;5;242m  │[0m                             [1;38;5;203m^[0m
[38;5;242m  └─[0m

[38;5;242m  issue #[0m[38;5;220m35[0m · [38;5;242mUndefined variable 'this'[0m
[38;5;242m  ┌─ [0mtest_lexer.nux:448:20
[38;5;242m  │[0m
[38;5;242m  │[0m [38;5;242m448[0m[38;5;242m ┊[0m          while (this.pos < this.length) {
[38;5;242m  │[0m                         [1;38;5;203m^[0m
[38;5;242m  └─[0m

[38;5;242m  issue #[0m[38;5;220m36[0m · [38;5;242mUndefined variable 'this'[0m
[38;5;242m  ┌─ [0mtest_lexer.nux:449:34
[38;5;242m  │[0m
[38;5;242m  │[0m [38;5;242m449[0m[38;5;242m ┊[0m              var c = str_char(this.source, this.pos);
[38;5;242m  │[0m                                       [1;38;5;203m^[0m
[38;5;242m  └─[0m

[38;5;242m  issue #[0m[38;5;220m37[0m · [38;5;242mUndefined variable 'this'[0m
[38;5;242m  ┌─ [0mtest_lexer.nux:450:59
[38;5;242m  │[0m
[38;5;242m  │[0m [38;5;242m450[0m[38;5;242m ┊[0m              print("skip_ws checking char at "); print(this.pos); print(": "); println(c);
[38;5;242m  │[0m                                                                [1;38;5;203m^[0m
[38;5;242m  └─[0m

[38;5;242m  issue #[0m[38;5;220m38[0m · [38;5;242mUndefined variable 'c'[0m
[38;5;242m  ┌─ [0mtest_lexer.nux:450:88
[38;5;242m  │[0m
[38;5;242m  │[0m [38;5;242m450[0m[38;5;242m ┊[0m              print("skip_ws checking char at "); print(this.pos); print(": "); println(c);
[38;5;242m  │[0m                                                                                             [1;38;5;203m^[0m
[38;5;242m  └─[0m

[38;5;242m  issue #[0m[38;5;220m39[0m · [38;5;242mUndefined variable 'c'[0m
[38;5;242m  ┌─ [0mtest_lexer.nux:451:36
[38;5;242m  │[0m
[38;5;242m  │[0m [38;5;242m451[0m[38;5;242m ┊[0m              var is_ws = lex_is_ws(c);
[38;5;242m  │[0m                                         [1;38;5;203m^[0m
[38;5;242m  └─[0m

[38;5;242m  issue #[0m[38;5;220m40[0m · [38;5;242mUndefined variable 'is_ws'[0m
[38;5;242m  ┌─ [0mtest_lexer.nux:452:23
[38;5;242m  │[0m
[38;5;242m  │[0m [38;5;242m452[0m[38;5;242m ┊[0m              if (is_ws == 0) {
[38;5;242m  │[0m                            [1;38;5;203m^[0m
[38;5;242m  └─[0m

[38;5;242m  issue #[0m[38;5;220m41[0m · [38;5;242mUndefined variable 'c'[0m
[38;5;242m  ┌─ [0mtest_lexer.nux:456:19
[38;5;242m  │[0m
[38;5;242m  │[0m [38;5;242m456[0m[38;5;242m ┊[0m              if (c == 10) {
[38;5;242m  │[0m                        [1;38;5;203m^[0m
[38;5;242m  └─[0m

[38;5;242m  issue #[0m[38;5;220m42[0m · [38;5;242mUnexpected token at top level: RBrace[0m
[38;5;242m  ┌─ [0mtest_lexer.nux:458:13
[38;5;242m  │[0m
[38;5;242m  │[0m [38;5;242m458[0m[38;5;242m ┊[0m              }
[38;5;242m  │[0m                  [1;38;5;203m^[0m
[38;5;242m  └─[0m

[38;5;242m  issue #[0m[38;5;220m43[0m · [38;5;242mUndefined variable 'this'[0m
[38;5;242m  ┌─ [0mtest_lexer.nux:459:29
[38;5;242m  │[0m
[38;5;242m  │[0m [38;5;242m459[0m[38;5;242m ┊[0m              this.advance_pos();
[38;5;242m  │[0m                                  [1;38;5;203m^[0m
[38;5;242m  └─[0m

[38;5;242m  issue #[0m[38;5;220m44[0m · [38;5;242mUnexpected token at top level: RBrace[0m
[38;5;242m  ┌─ [0mtest_lexer.nux:460:9
[38;5;242m  │[0m
[38;5;242m  │[0m [38;5;242m460[0m[38;5;242m ┊[0m          }
[38;5;242m  │[0m              [1;38;5;203m^[0m
[38;5;242m  └─[0m

[38;5;242m  issue #[0m[38;5;220m45[0m · [38;5;242mUndefined variable 'hit_nl'[0m
[38;5;242m  ┌─ [0mtest_lexer.nux:461:22
[38;5;242m  │[0m
[38;5;242m  │[0m [38;5;242m461[0m[38;5;242m ┊[0m          return hit_nl;
[38;5;242m  │[0m                           [1;38;5;203m^[0m
[38;5;242m  └─[0m

[38;5;242m  issue #[0m[38;5;220m46[0m · [38;5;242mUnexpected token at top level: RBrace[0m
[38;5;242m  ┌─ [0mtest_lexer.nux:462:5
[38;5;242m  │[0m
[38;5;242m  │[0m [38;5;242m462[0m[38;5;242m ┊[0m      }
[38;5;242m  │[0m          [1;38;5;203m^[0m
[38;5;242m  └─[0m

[38;5;242m  issue #[0m[38;5;220m47[0m · [38;5;242mUndefined variable 'this'[0m
[38;5;242m  ┌─ [0mtest_lexer.nux:465:25
[38;5;242m  │[0m
[38;5;242m  │[0m [38;5;242m465[0m[38;5;242m ┊[0m          var start = this.pos;
[38;5;242m  │[0m                              [1;38;5;203m^[0m
[38;5;242m  └─[0m

[38;5;242m  issue #[0m[38;5;220m48[0m · [38;5;242mUndefined variable 'this'[0m
[38;5;242m  ┌─ [0mtest_lexer.nux:466:25
[38;5;242m  │[0m
[38;5;242m  │[0m [38;5;242m466[0m[38;5;242m ┊[0m          var first = this.cur();
[38;5;242m  │[0m                              [1;38;5;203m^[0m
[38;5;242m  └─[0m

[38;5;242m  issue #[0m[38;5;220m49[0m · [38;5;242mUndefined variable 'this'[0m
[38;5;242m  ┌─ [0mtest_lexer.nux:467:25
[38;5;242m  │[0m
[38;5;242m  │[0m [38;5;242m467[0m[38;5;242m ┊[0m          this.advance_pos();
[38;5;242m  │[0m                              [1;38;5;203m^[0m
[38;5;242m  └─[0m

[38;5;242m  issue #[0m[38;5;220m50[0m · [38;5;242mUndefined variable 'first'[0m
[38;5;242m  ┌─ [0mtest_lexer.nux:470:19
[38;5;242m  │[0m
[38;5;242m  │[0m [38;5;242m470[0m[38;5;242m ┊[0m          if (first == '0') {
[38;5;242m  │[0m                        [1;38;5;203m^[0m
[38;5;242m  └─[0m

[38;5;242m  issue #[0m[38;5;220m51[0m · [38;5;242mUndefined variable 'this'[0m
[38;5;242m  ┌─ [0mtest_lexer.nux:471:21
[38;5;242m  │[0m
[38;5;242m  │[0m [38;5;242m471[0m[38;5;242m ┊[0m              if (this.pos < this.length) {
[38;5;242m  │[0m                          [1;38;5;203m^[0m
[38;5;242m  └─[0m

[38;5;242m  issue #[0m[38;5;220m52[0m · [38;5;242mUndefined variable 'this'[0m
[38;5;242m  ┌─ [0mtest_lexer.nux:472:30
[38;5;242m  │[0m
[38;5;242m  │[0m [38;5;242m472[0m[38;5;242m ┊[0m                  var nx = this.cur();
[38;5;242m  │[0m                                   [1;38;5;203m^[0m
[38;5;242m  └─[0m

[38;5;242m  issue #[0m[38;5;220m53[0m · [38;5;242mUndefined variable 'nx'[0m
[38;5;242m  ┌─ [0mtest_lexer.nux:474:24
[38;5;242m  │[0m
[38;5;242m  │[0m [38;5;242m474[0m[38;5;242m ┊[0m                  if (nx == 'x') { is_hex = 1; }
[38;5;242m  │[0m                             [1;38;5;203m^[0m
[38;5;242m  └─[0m

[38;5;242m  issue #[0m[38;5;220m54[0m · [38;5;242mUndefined variable 'nx'[0m
[38;5;242m  ┌─ [0mtest_lexer.nux:475:24
[38;5;242m  │[0m
[38;5;242m  │[0m [38;5;242m475[0m[38;5;242m ┊[0m                  if (nx == 'X') { is_hex = 1; }
[38;5;242m  │[0m                             [1;38;5;203m^[0m
[38;5;242m  └─[0m

[38;5;242m  issue #[0m[38;5;220m55[0m · [38;5;242mUnexpected token at top level: RBrace[0m
[38;5;242m  ┌─ [0mtest_lexer.nux:475:46
[38;5;242m  │[0m
[38;5;242m  │[0m [38;5;242m475[0m[38;5;242m ┊[0m                  if (nx == 'X') { is_hex = 1; }
[38;5;242m  │[0m                                                   [1;38;5;203m^[0m
[38;5;242m  └─[0m

[38;5;242m  issue #[0m[38;5;220m56[0m · [38;5;242mUndefined variable 'is_hex'[0m
[38;5;242m  ┌─ [0mtest_lexer.nux:477:28
[38;5;242m  │[0m
[38;5;242m  │[0m [38;5;242m477[0m[38;5;242m ┊[0m                  if (is_hex == 1) {
[38;5;242m  │[0m                                 [1;38;5;203m^[0m
[38;5;242m  └─[0m

[38;5;242m  issue #[0m[38;5;220m57[0m · [38;5;242mUndefined variable 'this'[0m
[38;5;242m  ┌─ [0mtest_lexer.nux:480:32
[38;5;242m  │[0m
[38;5;242m  │[0m [38;5;242m480[0m[38;5;242m ┊[0m                      while (this.pos < this.length) {
[38;5;242m  │[0m                                     [1;38;5;203m^[0m
[38;5;242m  └─[0m

[38;5;242m  issue #[0m[38;5;220m58[0m · [38;5;242mUndefined variable 'this'[0m
[38;5;242m  ┌─ [0mtest_lexer.nux:481:37
[38;5;242m  │[0m
[38;5;242m  │[0m [38;5;242m481[0m[38;5;242m ┊[0m                          var c = this.cur();
[38;5;242m  │[0m                                          [1;38;5;203m^[0m
[38;5;242m  └─[0m

[38;5;242m  issue #[0m[38;5;220m59[0m · [38;5;242mUndefined variable 'c'[0m
[38;5;242m  ┌─ [0mtest_lexer.nux:482:46
[38;5;242m  │[0m
[38;5;242m  │[0m [38;5;242m482[0m[38;5;242m ┊[0m                          var ok = lex_is_hex(c);
[38;5;242m  │[0m                                                   [1;38;5;203m^[0m
[38;5;242m  └─[0m

[38;5;242m  issue #[0m[38;5;220m60[0m · [38;5;242mUndefined variable 'c'[0m
[38;5;242m  ┌─ [0mtest_lexer.nux:483:31
[38;5;242m  │[0m
[38;5;242m  │[0m [38;5;242m483[0m[38;5;242m ┊[0m                          if (c == '_') { ok = 1; }
[38;5;242m  │[0m                                    [1;38;5;203m^[0m
[38;5;242m  └─[0m

[38;5;242m  issue #[0m[38;5;220m61[0m · [38;5;242mUnexpected token at top level: RBrace[0m
[38;5;242m  ┌─ [0mtest_lexer.nux:483:49
[38;5;242m  │[0m
[38;5;242m  │[0m [38;5;242m483[0m[38;5;242m ┊[0m                          if (c == '_') { ok = 1; }
[38;5;242m  │[0m                                                      [1;38;5;203m^[0m
[38;5;242m  └─[0m

[38;5;242m  issue #[0m[38;5;220m62[0m · [38;5;242mUndefined variable 'ok'[0m
[38;5;242m  ┌─ [0mtest_lexer.nux:484:32
[38;5;242m  │[0m
[38;5;242m  │[0m [38;5;242m484[0m[38;5;242m ┊[0m                          if (ok == 0) { break; }
[38;5;242m  │[0m                                     [1;38;5;203m^[0m
[38;5;242m  └─[0m

[38;5;242m  issue #[0m[38;5;220m63[0m · [38;5;242mUnexpected token at top level: RBrace[0m
[38;5;242m  ┌─ [0mtest_lexer.nux:484:47
[38;5;242m  │[0m
[38;5;242m  │[0m [38;5;242m484[0m[38;5;242m ┊[0m                          if (ok == 0) { break; }
[38;5;242m  │[0m                                                    [1;38;5;203m^[0m
[38;5;242m  └─[0m

[38;5;242m  issue #[0m[38;5;220m64[0m · [38;5;242mUndefined variable 'c'[0m
[38;5;242m  ┌─ [0mtest_lexer.nux:485:31
[38;5;242m  │[0m
[38;5;242m  │[0m [38;5;242m485[0m[38;5;242m ┊[0m                          if (c != '_') {
[38;5;242m  │[0m                                    [1;38;5;203m^[0m
[38;5;242m  └─[0m

[38;5;242m  issue #[0m[38;5;220m65[0m · [38;5;242mUnexpected token at top level: RBrace[0m
[38;5;242m  ┌─ [0mtest_lexer.nux:487:25
[38;5;242m  │[0m
[38;5;242m  │[0m [38;5;242m487[0m[38;5;242m ┊[0m                          }
[38;5;242m  │[0m                              [1;38;5;203m^[0m
[38;5;242m  └─[0m

[38;5;242m  issue #[0m[38;5;220m66[0m · [38;5;242mUndefined variable 'this'[0m
[38;5;242m  ┌─ [0mtest_lexer.nux:488:41
[38;5;242m  │[0m
[38;5;242m  │[0m [38;5;242m488[0m[38;5;242m ┊[0m                          this.advance_pos();
[38;5;242m  │[0m                                              [1;38;5;203m^[0m
[38;5;242m  └─[0m

[38;5;242m  issue #[0m[38;5;220m67[0m · [38;5;242mUnexpected token at top level: RBrace[0m
[38;5;242m  ┌─ [0mtest_lexer.nux:489:21
[38;5;242m  │[0m
[38;5;242m  │[0m [38;5;242m489[0m[38;5;242m ┊[0m                      }
[38;5;242m  │[0m                          [1;38;5;203m^[0m
[38;5;242m  └─[0m

[38;5;242m  issue #[0m[38;5;220m68[0m · [38;5;242mUndefined variable 'this'[0m
[38;5;242m  ┌─ [0mtest_lexer.nux:490:34
[38;5;242m  │[0m
[38;5;242m  │[0m [38;5;242m490[0m[38;5;242m ┊[0m                      this.tk_ival = val;
[38;5;242m  │[0m                                       [1;38;5;203m^[0m
[38;5;242m  └─[0m

[38;5;242m  issue #[0m[38;5;220m69[0m · [38;5;242mUndefined variable 'this'[0m
[38;5;242m  ┌─ [0mtest_lexer.nux:491:32
[38;5;242m  │[0m
[38;5;242m  │[0m [38;5;242m491[0m[38;5;242m ┊[0m                      this.set_tk(TK_NUMBER);
[38;5;242m  │[0m                                     [1;38;5;203m^[0m
[38;5;242m  └─[0m

[38;5;242m  issue #[0m[38;5;220m70[0m · [38;5;242mUnexpected token at top level: RBrace[0m
[38;5;242m  ┌─ [0mtest_lexer.nux:493:17
[38;5;242m  │[0m
[38;5;242m  │[0m [38;5;242m493[0m[38;5;242m ┊[0m                  } else {
[38;5;242m  │[0m                      [1;38;5;203m^[0m
[38;5;242m  └─[0m

[38;5;242m  issue #[0m[38;5;220m71[0m · [38;5;242mUnexpected token at top level: Else[0m
[38;5;242m  ┌─ [0mtest_lexer.nux:493:19
[38;5;242m  │[0m
[38;5;242m  │[0m [38;5;242m493[0m[38;5;242m ┊[0m                  } else {
[38;5;242m  │[0m                        [1;38;5;203m^[0m
[38;5;242m  └─[0m

[38;5;242m  issue #[0m[38;5;220m72[0m · [38;5;242mUndefined variable 'nx'[0m
[38;5;242m  ┌─ [0mtest_lexer.nux:495:28
[38;5;242m  │[0m
[38;5;242m  │[0m [38;5;242m495[0m[38;5;242m ┊[0m                      if (nx == 'b') { is_bin = 1; }
[38;5;242m  │[0m                                 [1;38;5;203m^[0m
[38;5;242m  └─[0m

[38;5;242m  issue #[0m[38;5;220m73[0m · [38;5;242mUndefined variable 'nx'[0m
[38;5;242m  ┌─ [0mtest_lexer.nux:496:28
[38;5;242m  │[0m
[38;5;242m  │[0m [38;5;242m496[0m[38;5;242m ┊[0m                      if (nx == 'B') { is_bin = 1; }
[38;5;242m  │[0m                                 [1;38;5;203m^[0m
[38;5;242m  └─[0m

[38;5;242m  issue #[0m[38;5;220m74[0m · [38;5;242mUnexpected token at top level: RBrace[0m
[38;5;242m  ┌─ [0mtest_lexer.nux:496:50
[38;5;242m  │[0m
[38;5;242m  │[0m [38;5;242m496[0m[38;5;242m ┊[0m                      if (nx == 'B') { is_bin = 1; }
[38;5;242m  │[0m                                                       [1;38;5;203m^[0m
[38;5;242m  └─[0m

[38;5;242m  issue #[0m[38;5;220m75[0m · [38;5;242mUndefined variable 'is_bin'[0m
[38;5;242m  ┌─ [0mtest_lexer.nux:497:32
[38;5;242m  │[0m
[38;5;242m  │[0m [38;5;242m497[0m[38;5;242m ┊[0m                      if (is_bin == 1) {
[38;5;242m  │[0m                                     [1;38;5;203m^[0m
[38;5;242m  └─[0m

[38;5;242m  issue #[0m[38;5;220m76[0m · [38;5;242mUndefined variable 'this'[0m
[38;5;242m  ┌─ [0mtest_lexer.nux:500:36
[38;5;242m  │[0m
[38;5;242m  │[0m [38;5;242m500[0m[38;5;242m ┊[0m                          while (this.pos < this.length) {
[38;5;242m  │[0m                                         [1;38;5;203m^[0m
[38;5;242m  └─[0m

[38;5;242m  issue #[0m[38;5;220m77[0m · [38;5;242mUndefined variable 'this'[0m
[38;5;242m  ┌─ [0mtest_lexer.nux:501:41
[38;5;242m  │[0m
[38;5;242m  │[0m [38;5;242m501[0m[38;5;242m ┊[0m                              var c = this.cur();
[38;5;242m  │[0m                                              [1;38;5;203m^[0m
[38;5;242m  └─[0m

[38;5;242m  issue #[0m[38;5;220m78[0m · [38;5;242mUndefined variable 'c'[0m
[38;5;242m  ┌─ [0mtest_lexer.nux:503:35
[38;5;242m  │[0m
[38;5;242m  │[0m [38;5;242m503[0m[38;5;242m ┊[0m                              if (c == '0') { ok = 1; }
[38;5;242m  │[0m                                        [1;38;5;203m^[0m
[38;5;242m  └─[0m

[38;5;242m  issue #[0m[38;5;220m79[0m · [38;5;242mUnexpected token at top level: RBrace[0m
[38;5;242m  ┌─ [0mtest_lexer.nux:503:53
[38;5;242m  │[0m
[38;5;242m  │[0m [38;5;242m503[0m[38;5;242m ┊[0m                              if (c == '0') { ok = 1; }
[38;5;242m  │[0m                                                          [1;38;5;203m^[0m
[38;5;242m  └─[0m

[38;5;242m  issue #[0m[38;5;220m80[0m · [38;5;242mUndefined variable 'c'[0m
[38;5;242m  ┌─ [0mtest_lexer.nux:504:35
[38;5;242m  │[0m
[38;5;242m  │[0m [38;5;242m504[0m[38;5;242m ┊[0m                              if (c == '1') { ok = 1; }
[38;5;242m  │[0m                                        [1;38;5;203m^[0m
[38;5;242m  └─[0m

[38;5;242m  issue #[0m[38;5;220m81[0m · [38;5;242mUnexpected token at top level: RBrace[0m
[38;5;242m  ┌─ [0mtest_lexer.nux:504:53
[38;5;242m  │[0m
[38;5;242m  │[0m [38;5;242m504[0m[38;5;242m ┊[0m                              if (c == '1') { ok = 1; }
[38;5;242m  │[0m                                                          [1;38;5;203m^[0m
[38;5;242m  └─[0m

[38;5;242m  issue #[0m[38;5;220m82[0m · [38;5;242mUndefined variable 'c'[0m
[38;5;242m  ┌─ [0mtest_lexer.nux:505:35
[38;5;242m  │[0m
[38;5;242m  │[0m [38;5;242m505[0m[38;5;242m ┊[0m                              if (c == '_') { ok = 1; }
[38;5;242m  │[0m                                        [1;38;5;203m^[0m
[38;5;242m  └─[0m

[38;5;242m  issue #[0m[38;5;220m83[0m · [38;5;242mUnexpected token at top level: RBrace[0m
[38;5;242m  ┌─ [0mtest_lexer.nux:505:53
[38;5;242m  │[0m
[38;5;242m  │[0m [38;5;242m505[0m[38;5;242m ┊[0m                              if (c == '_') { ok = 1; }
[38;5;242m  │[0m                                                          [1;38;5;203m^[0m
[38;5;242m  └─[0m

[38;5;242m  issue #[0m[38;5;220m84[0m · [38;5;242mUndefined variable 'c'[0m
[38;5;242m  ┌─ [0mtest_lexer.nux:507:35
[38;5;242m  │[0m
[38;5;242m  │[0m [38;5;242m507[0m[38;5;242m ┊[0m                              if (c != '_') {
[38;5;242m  │[0m                                        [1;38;5;203m^[0m
[38;5;242m  └─[0m

[38;5;242m  issue #[0m[38;5;220m85[0m · [38;5;242mUnexpected token at top level: RBrace[0m
[38;5;242m  ┌─ [0mtest_lexer.nux:509:29
[38;5;242m  │[0m
[38;5;242m  │[0m [38;5;242m509[0m[38;5;242m ┊[0m                              }
[38;5;242m  │[0m                                  [1;38;5;203m^[0m
[38;5;242m  └─[0m

[38;5;242m  issue #[0m[38;5;220m86[0m · [38;5;242mUndefined variable 'this'[0m
[38;5;242m  ┌─ [0mtest_lexer.nux:510:45
[38;5;242m  │[0m
[38;5;242m  │[0m [38;5;242m510[0m[38;5;242m ┊[0m                              this.advance_pos();
[38;5;242m  │[0m                                                  [1;38;5;203m^[0m
[38;5;242m  └─[0m

[38;5;242m  issue #[0m[38;5;220m87[0m · [38;5;242mUnexpected token at top level: RBrace[0m
[38;5;242m  ┌─ [0mtest_lexer.nux:511:25
[38;5;242m  │[0m
[38;5;242m  │[0m [38;5;242m511[0m[38;5;242m ┊[0m                          }
[38;5;242m  │[0m                              [1;38;5;203m^[0m
[38;5;242m  └─[0m

[38;5;242m  issue #[0m[38;5;220m88[0m · [38;5;242mUndefined variable 'this'[0m
[38;5;242m  ┌─ [0mtest_lexer.nux:512:38
[38;5;242m  │[0m
[38;5;242m  │[0m [38;5;242m512[0m[38;5;242m ┊[0m                          this.tk_ival = val;
[38;5;242m  │[0m                                           [1;38;5;203m^[0m
[38;5;242m  └─[0m

[38;5;242m  issue #[0m[38;5;220m89[0m · [38;5;242mUndefined variable 'this'[0m
[38;5;242m  ┌─ [0mtest_lexer.nux:513:36
[38;5;242m  │[0m
[38;5;242m  │[0m [38;5;242m513[0m[38;5;242m ┊[0m                          this.set_tk(TK_NUMBER);
[38;5;242m  │[0m                                         [1;38;5;203m^[0m
[38;5;242m  └─[0m

[38;5;242m  issue #[0m[38;5;220m90[0m · [38;5;242mUnexpected token at top level: RBrace[0m
[38;5;242m  ┌─ [0mtest_lexer.nux:515:21
[38;5;242m  │[0m
[38;5;242m  │[0m [38;5;242m515[0m[38;5;242m ┊[0m                      }
[38;5;242m  │[0m                          [1;38;5;203m^[0m
[38;5;242m  └─[0m

[38;5;242m  issue #[0m[38;5;220m91[0m · [38;5;242mUnexpected token at top level: RBrace[0m
[38;5;242m  ┌─ [0mtest_lexer.nux:516:17
[38;5;242m  │[0m
[38;5;242m  │[0m [38;5;242m516[0m[38;5;242m ┊[0m                  }
[38;5;242m  │[0m                      [1;38;5;203m^[0m
[38;5;242m  └─[0m

[38;5;242m  issue #[0m[38;5;220m92[0m · [38;5;242mUnexpected token at top level: RBrace[0m
[38;5;242m  ┌─ [0mtest_lexer.nux:517:13
[38;5;242m  │[0m
[38;5;242m  │[0m [38;5;242m517[0m[38;5;242m ┊[0m              }
[38;5;242m  │[0m                  [1;38;5;203m^[0m
[38;5;242m  └─[0m

[38;5;242m  issue #[0m[38;5;220m93[0m · [38;5;242mUnexpected token at top level: RBrace[0m
[38;5;242m  ┌─ [0mtest_lexer.nux:518:9
[38;5;242m  │[0m
[38;5;242m  │[0m [38;5;242m518[0m[38;5;242m ┊[0m          }
[38;5;242m  │[0m              [1;38;5;203m^[0m
[38;5;242m  └─[0m

[38;5;242m  issue #[0m[38;5;220m94[0m · [38;5;242mUndefined variable 'this'[0m
[38;5;242m  ┌─ [0mtest_lexer.nux:525:20
[38;5;242m  │[0m
[38;5;242m  │[0m [38;5;242m525[0m[38;5;242m ┊[0m          while (this.pos < this.length) {
[38;5;242m  │[0m                         [1;38;5;203m^[0m
[38;5;242m  └─[0m

[38;5;242m  issue #[0m[38;5;220m95[0m · [38;5;242mUndefined variable 'this'[0m
[38;5;242m  ┌─ [0mtest_lexer.nux:526:25
[38;5;242m  │[0m
[38;5;242m  │[0m [38;5;242m526[0m[38;5;242m ┊[0m              var c = this.cur();
[38;5;242m  │[0m                              [1;38;5;203m^[0m
[38;5;242m  └─[0m

[38;5;242m  issue #[0m[38;5;220m96[0m · [38;5;242mUndefined variable 'c'[0m
[38;5;242m  ┌─ [0mtest_lexer.nux:527:31
[38;5;242m  │[0m
[38;5;242m  │[0m [38;5;242m527[0m[38;5;242m ┊[0m              if (lex_is_digit(c) == 1) {
[38;5;242m  │[0m                                    [1;38;5;203m^[0m
[38;5;242m  └─[0m

[38;5;242m  issue #[0m[38;5;220m97[0m · [38;5;242mUnexpected token at top level: RBrace[0m
[38;5;242m  ┌─ [0mtest_lexer.nux:529:13
[38;5;242m  │[0m
[38;5;242m  │[0m [38;5;242m529[0m[38;5;242m ┊[0m              } else {
[38;5;242m  │[0m                  [1;38;5;203m^[0m
[38;5;242m  └─[0m

[38;5;242m  issue #[0m[38;5;220m98[0m · [38;5;242mUnexpected token at top level: Else[0m
[38;5;242m  ┌─ [0mtest_lexer.nux:529:15
[38;5;242m  │[0m
[38;5;242m  │[0m [38;5;242m529[0m[38;5;242m ┊[0m              } else {
[38;5;242m  │[0m                    [1;38;5;203m^[0m
[38;5;242m  └─[0m

[38;5;242m  issue #[0m[38;5;220m99[0m · [38;5;242mUndefined variable 'c'[0m
[38;5;242m  ┌─ [0mtest_lexer.nux:530:23
[38;5;242m  │[0m
[38;5;242m  │[0m [38;5;242m530[0m[38;5;242m ┊[0m                  if (c == '_') {
[38;5;242m  │[0m                            [1;38;5;203m^[0m
[38;5;242m  └─[0m

[38;5;242m  issue #[0m[38;5;220m100[0m · [38;5;242mUnexpected token at top level: Else[0m
[38;5;242m  ┌─ [0mtest_lexer.nux:532:19
[38;5;242m  │[0m
[38;5;242m  │[0m [38;5;242m532[0m[38;5;242m ┊[0m                  } else {
[38;5;242m  │[0m                        [1;38;5;203m^[0m
[38;5;242m  └─[0m

[38;5;242m  issue #[0m[38;5;220m101[0m · [38;5;242mUndefined variable 'c'[0m
[38;5;242m  ┌─ [0mtest_lexer.nux:533:27
[38;5;242m  │[0m
[38;5;242m  │[0m [38;5;242m533[0m[38;5;242m ┊[0m                      if (c == '.') {
[38;5;242m  │[0m                                [1;38;5;203m^[0m
[38;5;242m  └─[0m

[38;5;242m  issue #[0m[38;5;220m102[0m · [38;5;242mUndefined variable 'this'[0m
[38;5;242m  ┌─ [0mtest_lexer.nux:535:37
[38;5;242m  │[0m
[38;5;242m  │[0m [38;5;242m535[0m[38;5;242m ┊[0m                              if (this.pos + 1 < this.length) {
[38;5;242m  │[0m                                          [1;38;5;203m^[0m
[38;5;242m  └─[0m

[38;5;242m  issue #[0m[38;5;220m103[0m · [38;5;242mUndefined variable 'this'[0m
[38;5;242m  ┌─ [0mtest_lexer.nux:536:54
[38;5;242m  │[0m
[38;5;242m  │[0m [38;5;242m536[0m[38;5;242m ┊[0m                                  if (lex_is_digit(this.peek_next()) == 1) {
[38;5;242m  │[0m                                                           [1;38;5;203m^[0m
[38;5;242m  └─[0m

[38;5;242m  issue #[0m[38;5;220m104[0m · [38;5;242mUndefined variable 'this'[0m
[38;5;242m  ┌─ [0mtest_lexer.nux:538:53
[38;5;242m  │[0m
[38;5;242m  │[0m [38;5;242m538[0m[38;5;242m ┊[0m                                      this.advance_pos();
[38;5;242m  │[0m                                                          [1;38;5;203m^[0m
[38;5;242m  └─[0m

[38;5;242m  issue #[0m[38;5;220m105[0m · [38;5;242mUnexpected token at top level: Else[0m
[38;5;242m  ┌─ [0mtest_lexer.nux:542:31
[38;5;242m  │[0m
[38;5;242m  │[0m [38;5;242m542[0m[38;5;242m ┊[0m                              } else {
[38;5;242m  │[0m                                    [1;38;5;203m^[0m
[38;5;242m  └─[0m

[38;5;242m  issue #[0m[38;5;220m106[0m · [38;5;242mUnexpected token at top level: RBrace[0m
[38;5;242m  ┌─ [0mtest_lexer.nux:545:25
[38;5;242m  │[0m
[38;5;242m  │[0m [38;5;242m545[0m[38;5;242m ┊[0m                          } else {
[38;5;242m  │[0m                              [1;38;5;203m^[0m
[38;5;242m  └─[0m

[38;5;242m  issue #[0m[38;5;220m107[0m · [38;5;242mUnexpected token at top level: Else[0m
[38;5;242m  ┌─ [0mtest_lexer.nux:545:27
[38;5;242m  │[0m
[38;5;242m  │[0m [38;5;242m545[0m[38;5;242m ┊[0m                          } else {
[38;5;242m  │[0m                                [1;38;5;203m^[0m
[38;5;242m  └─[0m

[38;5;242m  issue #[0m[38;5;220m108[0m · [38;5;242mUnexpected token at top level: RBrace[0m
[38;5;242m  ┌─ [0mtest_lexer.nux:548:21
[38;5;242m  │[0m
[38;5;242m  │[0m [38;5;242m548[0m[38;5;242m ┊[0m                      } else {
[38;5;242m  │[0m                          [1;38;5;203m^[0m
[38;5;242m  └─[0m

[38;5;242m  issue #[0m[38;5;220m109[0m · [38;5;242mUnexpected token at top level: Else[0m
[38;5;242m  ┌─ [0mtest_lexer.nux:548:23
[38;5;242m  │[0m
[38;5;242m  │[0m [38;5;242m548[0m[38;5;242m ┊[0m                      } else {
[38;5;242m  │[0m                            [1;38;5;203m^[0m
[38;5;242m  └─[0m

[38;5;242m  issue #[0m[38;5;220m110[0m · [38;5;242mUnexpected token at top level: RBrace[0m
[38;5;242m  ┌─ [0mtest_lexer.nux:551:17
[38;5;242m  │[0m
[38;5;242m  │[0m [38;5;242m551[0m[38;5;242m ┊[0m                  }
[38;5;242m  │[0m                      [1;38;5;203m^[0m
[38;5;242m  └─[0m

[38;5;242m  issue #[0m[38;5;220m111[0m · [38;5;242mUnexpected token at top level: RBrace[0m
[38;5;242m  ┌─ [0mtest_lexer.nux:552:13
[38;5;242m  │[0m
[38;5;242m  │[0m [38;5;242m552[0m[38;5;242m ┊[0m              }
[38;5;242m  │[0m                  [1;38;5;203m^[0m
[38;5;242m  └─[0m

[38;5;242m  issue #[0m[38;5;220m112[0m · [38;5;242mUnexpected token at top level: RBrace[0m
[38;5;242m  ┌─ [0mtest_lexer.nux:553:9
[38;5;242m  │[0m
[38;5;242m  │[0m [38;5;242m553[0m[38;5;242m ┊[0m          }
[38;5;242m  │[0m              [1;38;5;203m^[0m
[38;5;242m  └─[0m

[38;5;242m  issue #[0m[38;5;220m113[0m · [38;5;242mUndefined variable 'start'[0m
[38;5;242m  ┌─ [0mtest_lexer.nux:560:26
[38;5;242m  │[0m
[38;5;242m  │[0m [38;5;242m560[0m[38;5;242m ┊[0m              var i = start;
[38;5;242m  │[0m                               [1;38;5;203m^[0m
[38;5;242m  └─[0m

[38;5;242m  issue #[0m[38;5;220m114[0m · [38;5;242mUndefined variable 'i'[0m
[38;5;242m  ┌─ [0mtest_lexer.nux:561:22
[38;5;242m  │[0m
[38;5;242m  │[0m [38;5;242m561[0m[38;5;242m ┊[0m              while (i < this.pos) {
[38;5;242m  │[0m                           [1;38;5;203m^[0m
[38;5;242m  └─[0m

[38;5;242m  issue #[0m[38;5;220m115[0m · [38;5;242mUndefined variable 'this'[0m
[38;5;242m  ┌─ [0mtest_lexer.nux:562:38
[38;5;242m  │[0m
[38;5;242m  │[0m [38;5;242m562[0m[38;5;242m ┊[0m                  var d = str_char(this.source, i);
[38;5;242m  │[0m                                           [1;38;5;203m^[0m
[38;5;242m  └─[0m

[38;5;242m  issue #[0m[38;5;220m116[0m · [38;5;242mUndefined variable 'd'[0m
[38;5;242m  ┌─ [0mtest_lexer.nux:563:23
[38;5;242m  │[0m
[38;5;242m  │[0m [38;5;242m563[0m[38;5;242m ┊[0m                  if (d == '.') {
[38;5;242m  │[0m                            [1;38;5;203m^[0m
[38;5;242m  └─[0m

[38;5;242m  issue #[0m[38;5;220m117[0m · [38;5;242mUndefined variable 'd'[0m
[38;5;242m  ┌─ [0mtest_lexer.nux:566:27
[38;5;242m  │[0m
[38;5;242m  │[0m [38;5;242m566[0m[38;5;242m ┊[0m                      if (d != '_') {
[38;5;242m  │[0m                                [1;38;5;203m^[0m
[38;5;242m  └─[0m

[38;5;242m  issue #[0m[38;5;220m118[0m · [38;5;242mUndefined variable 'd'[0m
[38;5;242m  ┌─ [0mtest_lexer.nux:567:39
[38;5;242m  │[0m
[38;5;242m  │[0m [38;5;242m567[0m[38;5;242m ┊[0m                          var digit = d - '0';
[38;5;242m  │[0m                                            [1;38;5;203m^[0m
[38;5;242m  └─[0m

[38;5;242m  issue #[0m[38;5;220m119[0m · [38;5;242mUndefined variable 'in_frac'[0m
[38;5;242m  ┌─ [0mtest_lexer.nux:568:37
[38;5;242m  │[0m
[38;5;242m  │[0m [38;5;242m568[0m[38;5;242m ┊[0m                          if (in_frac == 0) {
[38;5;242m  │[0m                                          [1;38;5;203m^[0m
[38;5;242m  └─[0m

[38;5;242m  issue #[0m[38;5;220m120[0m · [38;5;242mUnexpected token at top level: Else[0m
[38;5;242m  ┌─ [0mtest_lexer.nux:570:27
[38;5;242m  │[0m
[38;5;242m  │[0m [38;5;242m570[0m[38;5;242m ┊[0m                          } else {
[38;5;242m  │[0m                                [1;38;5;203m^[0m
[38;5;242m  └─[0m

[38;5;242m  issue #[0m[38;5;220m121[0m · [38;5;242mUndefined variable 'frac_part' (use 'var frac_part' to declare)[0m
[38;5;242m  ┌─ [0mtest_lexer.nux:571:39
[38;5;242m  │[0m
[38;5;242m  │[0m [38;5;242m571[0m[38;5;242m ┊[0m                              frac_part = frac_part * 10 + digit;
[38;5;242m  │[0m                                            [1;38;5;203m^[0m
[38;5;242m  └─[0m

[38;5;242m  issue #[0m[38;5;220m122[0m · [38;5;242mUndefined variable 'frac_div' (use 'var frac_div' to declare)[0m
[38;5;242m  ┌─ [0mtest_lexer.nux:572:38
[38;5;242m  │[0m
[38;5;242m  │[0m [38;5;242m572[0m[38;5;242m ┊[0m                              frac_div = frac_div * 10;
[38;5;242m  │[0m                                           [1;38;5;203m^[0m
[38;5;242m  └─[0m

[38;5;242m  issue #[0m[38;5;220m123[0m · [38;5;242mUnexpected token at top level: RBrace[0m
[38;5;242m  ┌─ [0mtest_lexer.nux:574:21
[38;5;242m  │[0m
[38;5;242m  │[0m [38;5;242m574[0m[38;5;242m ┊[0m                      }
[38;5;242m  │[0m                          [1;38;5;203m^[0m
[38;5;242m  └─[0m

[38;5;242m  issue #[0m[38;5;220m124[0m · [38;5;242mUnexpected token at top level: RBrace[0m
[38;5;242m  ┌─ [0mtest_lexer.nux:575:17
[38;5;242m  │[0m
[38;5;242m  │[0m [38;5;242m575[0m[38;5;242m ┊[0m                  }
[38;5;242m  │[0m                      [1;38;5;203m^[0m
[38;5;242m  └─[0m

[38;5;242m  issue #[0m[38;5;220m125[0m · [38;5;242mUndefined variable 'i'[0m
[38;5;242m  ┌─ [0mtest_lexer.nux:576:23
[38;5;242m  │[0m
[38;5;242m  │[0m [38;5;242m576[0m[38;5;242m ┊[0m                  i = i + 1;
[38;5;242m  │[0m                            [1;38;5;203m^[0m
[38;5;242m  └─[0m

[38;5;242m  issue #[0m[38;5;220m126[0m · [38;5;242mUnexpected token at top level: RBrace[0m
[38;5;242m  ┌─ [0mtest_lexer.nux:577:13
[38;5;242m  │[0m
[38;5;242m  │[0m [38;5;242m577[0m[38;5;242m ┊[0m              }
[38;5;242m  │[0m                  [1;38;5;203m^[0m
[38;5;242m  └─[0m

[38;5;242m  issue #[0m[38;5;220m127[0m · [38;5;242mUndefined variable 'int_part'[0m
[38;5;242m  ┌─ [0mtest_lexer.nux:578:38
[38;5;242m  │[0m
[38;5;242m  │[0m [38;5;242m578[0m[38;5;242m ┊[0m              var fval = float(int_part) + float(frac_part) / float(frac_div);
[38;5;242m  │[0m                                           [1;38;5;203m^[0m
[38;5;242m  └─[0m

[38;5;242m  issue #[0m[38;5;220m128[0m · [38;5;242mUndefined variable 'this'[0m
[38;5;242m  ┌─ [0mtest_lexer.nux:579:26
[38;5;242m  │[0m
[38;5;242m  │[0m [38;5;242m579[0m[38;5;242m ┊[0m              this.tk_fval = fval;
[38;5;242m  │[0m                               [1;38;5;203m^[0m
[38;5;242m  └─[0m

[38;5;242m  issue #[0m[38;5;220m129[0m · [38;5;242mUndefined variable 'this'[0m
[38;5;242m  ┌─ [0mtest_lexer.nux:580:24
[38;5;242m  │[0m
[38;5;242m  │[0m [38;5;242m580[0m[38;5;242m ┊[0m              this.set_tk(TK_FLOAT);
[38;5;242m  │[0m                             [1;38;5;203m^[0m
[38;5;242m  └─[0m

[38;5;242m  issue #[0m[38;5;220m130[0m · [38;5;242mUnexpected token at top level: RBrace[0m
[38;5;242m  ┌─ [0mtest_lexer.nux:581:9
[38;5;242m  │[0m
[38;5;242m  │[0m [38;5;242m581[0m[38;5;242m ┊[0m          } else {
[38;5;242m  │[0m              [1;38;5;203m^[0m
[38;5;242m  └─[0m

[38;5;242m  issue #[0m[38;5;220m131[0m · [38;5;242mUnexpected token at top level: Else[0m
[38;5;242m  ┌─ [0mtest_lexer.nux:581:11
[38;5;242m  │[0m
[38;5;242m  │[0m [38;5;242m581[0m[38;5;242m ┊[0m          } else {
[38;5;242m  │[0m                [1;38;5;203m^[0m
[38;5;242m  └─[0m

[38;5;242m  issue #[0m[38;5;220m132[0m · [38;5;242mUndefined variable 'start'[0m
[38;5;242m  ┌─ [0mtest_lexer.nux:583:26
[38;5;242m  │[0m
[38;5;242m  │[0m [38;5;242m583[0m[38;5;242m ┊[0m              var i = start;
[38;5;242m  │[0m                               [1;38;5;203m^[0m
[38;5;242m  └─[0m

[38;5;242m  issue #[0m[38;5;220m133[0m · [38;5;242mUndefined variable 'i'[0m
[38;5;242m  ┌─ [0mtest_lexer.nux:584:22
[38;5;242m  │[0m
[38;5;242m  │[0m [38;5;242m584[0m[38;5;242m ┊[0m              while (i < this.pos) {
[38;5;242m  │[0m                           [1;38;5;203m^[0m
[38;5;242m  └─[0m

[38;5;242m  issue #[0m[38;5;220m134[0m · [38;5;242mUndefined variable 'this'[0m
[38;5;242m  ┌─ [0mtest_lexer.nux:585:38
[38;5;242m  │[0m
[38;5;242m  │[0m [38;5;242m585[0m[38;5;242m ┊[0m                  var d = str_char(this.source, i);
[38;5;242m  │[0m                                           [1;38;5;203m^[0m
[38;5;242m  └─[0m

[38;5;242m  issue #[0m[38;5;220m135[0m · [38;5;242mUndefined variable 'd'[0m
[38;5;242m  ┌─ [0mtest_lexer.nux:586:23
[38;5;242m  │[0m
[38;5;242m  │[0m [38;5;242m586[0m[38;5;242m ┊[0m                  if (d != '_') {
[38;5;242m  │[0m                            [1;38;5;203m^[0m
[38;5;242m  └─[0m

[38;5;242m  issue #[0m[38;5;220m136[0m · [38;5;242mUndefined variable 'i'[0m
[38;5;242m  ┌─ [0mtest_lexer.nux:589:23
[38;5;242m  │[0m
[38;5;242m  │[0m [38;5;242m589[0m[38;5;242m ┊[0m                  i = i + 1;
[38;5;242m  │[0m                            [1;38;5;203m^[0m
[38;5;242m  └─[0m

[38;5;242m  issue #[0m[38;5;220m137[0m · [38;5;242mUnexpected token at top level: RBrace[0m
[38;5;242m  ┌─ [0mtest_lexer.nux:590:13
[38;5;242m  │[0m
[38;5;242m  │[0m [38;5;242m590[0m[38;5;242m ┊[0m              }
[38;5;242m  │[0m                  [1;38;5;203m^[0m
[38;5;242m  └─[0m

[38;5;242m  issue #[0m[38;5;220m138[0m · [38;5;242mUndefined variable 'this'[0m
[38;5;242m  ┌─ [0mtest_lexer.nux:591:26
[38;5;242m  │[0m
[38;5;242m  │[0m [38;5;242m591[0m[38;5;242m ┊[0m              this.tk_ival = val;
[38;5;242m  │[0m                               [1;38;5;203m^[0m
[38;5;242m  └─[0m

[38;5;242m  issue #[0m[38;5;220m139[0m · [38;5;242mUndefined variable 'this'[0m
[38;5;242m  ┌─ [0mtest_lexer.nux:592:24
[38;5;242m  │[0m
[38;5;242m  │[0m [38;5;242m592[0m[38;5;242m ┊[0m              this.set_tk(TK_NUMBER);
[38;5;242m  │[0m                             [1;38;5;203m^[0m
[38;5;242m  └─[0m

[38;5;242m  issue #[0m[38;5;220m140[0m · [38;5;242mUnexpected token at top level: RBrace[0m
[38;5;242m  ┌─ [0mtest_lexer.nux:593:9
[38;5;242m  │[0m
[38;5;242m  │[0m [38;5;242m593[0m[38;5;242m ┊[0m          }
[38;5;242m  │[0m              [1;38;5;203m^[0m
[38;5;242m  └─[0m

[38;5;242m  issue #[0m[38;5;220m141[0m · [38;5;242mUnexpected token at top level: RBrace[0m
[38;5;242m  ┌─ [0mtest_lexer.nux:595:5
[38;5;242m  │[0m
[38;5;242m  │[0m [38;5;242m595[0m[38;5;242m ┊[0m      }
[38;5;242m  │[0m          [1;38;5;203m^[0m
[38;5;242m  └─[0m

[38;5;242m  issue #[0m[38;5;220m142[0m · [38;5;242mUndefined variable 'this'[0m
[38;5;242m  ┌─ [0mtest_lexer.nux:598:25
[38;5;242m  │[0m
[38;5;242m  │[0m [38;5;242m598[0m[38;5;242m ┊[0m          var start = this.pos;
[38;5;242m  │[0m                              [1;38;5;203m^[0m
[38;5;242m  └─[0m

[38;5;242m  issue #[0m[38;5;220m143[0m · [38;5;242mUndefined variable 'this'[0m
[38;5;242m  ┌─ [0mtest_lexer.nux:599:20
[38;5;242m  │[0m
[38;5;242m  │[0m [38;5;242m599[0m[38;5;242m ┊[0m          while (this.pos < this.length) {
[38;5;242m  │[0m                         [1;38;5;203m^[0m
[38;5;242m  └─[0m

[38;5;242m  issue #[0m[38;5;220m144[0m · [38;5;242mUndefined variable 'this'[0m
[38;5;242m  ┌─ [0mtest_lexer.nux:600:34
[38;5;242m  │[0m
[38;5;242m  │[0m [38;5;242m600[0m[38;5;242m ┊[0m              if (lex_is_alnum(this.cur()) == 0) {
[38;5;242m  │[0m                                       [1;38;5;203m^[0m
[38;5;242m  └─[0m

[38;5;242m  issue #[0m[38;5;220m145[0m · [38;5;242mUndefined variable 'this'[0m
[38;5;242m  ┌─ [0mtest_lexer.nux:603:29
[38;5;242m  │[0m
[38;5;242m  │[0m [38;5;242m603[0m[38;5;242m ┊[0m              this.advance_pos();
[38;5;242m  │[0m                                  [1;38;5;203m^[0m
[38;5;242m  └─[0m

[38;5;242m  issue #[0m[38;5;220m146[0m · [38;5;242mUnexpected token at top level: RBrace[0m
[38;5;242m  ┌─ [0mtest_lexer.nux:604:9
[38;5;242m  │[0m
[38;5;242m  │[0m [38;5;242m604[0m[38;5;242m ┊[0m          }
[38;5;242m  │[0m              [1;38;5;203m^[0m
[38;5;242m  └─[0m

[38;5;242m  issue #[0m[38;5;220m147[0m · [38;5;242mUndefined variable 'this'[0m
[38;5;242m  ┌─ [0mtest_lexer.nux:605:23
[38;5;242m  │[0m
[38;5;242m  │[0m [38;5;242m605[0m[38;5;242m ┊[0m          var len = this.pos - start;
[38;5;242m  │[0m                            [1;38;5;203m^[0m
[38;5;242m  └─[0m

[38;5;242m  issue #[0m[38;5;220m148[0m · [38;5;242mUndefined variable 'this'[0m
[38;5;242m  ┌─ [0mtest_lexer.nux:606:37
[38;5;242m  │[0m
[38;5;242m  │[0m [38;5;242m606[0m[38;5;242m ┊[0m          var kind = lex_match_kw(this.source, start, len);
[38;5;242m  │[0m                                          [1;38;5;203m^[0m
[38;5;242m  └─[0m

[38;5;242m  issue #[0m[38;5;220m149[0m · [38;5;242mUndefined variable 'this'[0m
[38;5;242m  ┌─ [0mtest_lexer.nux:607:20
[38;5;242m  │[0m
[38;5;242m  │[0m [38;5;242m607[0m[38;5;242m ┊[0m          this.set_tk(kind);
[38;5;242m  │[0m                         [1;38;5;203m^[0m
[38;5;242m  └─[0m

[38;5;242m  issue #[0m[38;5;220m150[0m · [38;5;242mUnexpected token at top level: RBrace[0m
[38;5;242m  ┌─ [0mtest_lexer.nux:609:5
[38;5;242m  │[0m
[38;5;242m  │[0m [38;5;242m609[0m[38;5;242m ┊[0m      }
[38;5;242m  │[0m          [1;38;5;203m^[0m
[38;5;242m  └─[0m

[38;5;242m  issue #[0m[38;5;220m151[0m · [38;5;242mUndefined variable 'this'[0m
[38;5;242m  ┌─ [0mtest_lexer.nux:612:25
[38;5;242m  │[0m
[38;5;242m  │[0m [38;5;242m612[0m[38;5;242m ┊[0m          this.advance_pos();
[38;5;242m  │[0m                              [1;38;5;203m^[0m
[38;5;242m  └─[0m

[38;5;242m  issue #[0m[38;5;220m152[0m · [38;5;242mUndefined variable 'this'[0m
[38;5;242m  ┌─ [0mtest_lexer.nux:613:23
[38;5;242m  │[0m
[38;5;242m  │[0m [38;5;242m613[0m[38;5;242m ┊[0m          this.tk_start = this.pos;
[38;5;242m  │[0m                            [1;38;5;203m^[0m
[38;5;242m  └─[0m

[38;5;242m  issue #[0m[38;5;220m153[0m · [38;5;242mUndefined variable 'this'[0m
[38;5;242m  ┌─ [0mtest_lexer.nux:614:20
[38;5;242m  │[0m
[38;5;242m  │[0m [38;5;242m614[0m[38;5;242m ┊[0m          while (this.pos < this.length) {
[38;5;242m  │[0m                         [1;38;5;203m^[0m
[38;5;242m  └─[0m

[38;5;242m  issue #[0m[38;5;220m154[0m · [38;5;242mUndefined variable 'this'[0m
[38;5;242m  ┌─ [0mtest_lexer.nux:615:25
[38;5;242m  │[0m
[38;5;242m  │[0m [38;5;242m615[0m[38;5;242m ┊[0m              var c = this.cur();
[38;5;242m  │[0m                              [1;38;5;203m^[0m
[38;5;242m  └─[0m

[38;5;242m  issue #[0m[38;5;220m155[0m · [38;5;242mUndefined variable 'c'[0m
[38;5;242m  ┌─ [0mtest_lexer.nux:616:19
[38;5;242m  │[0m
[38;5;242m  │[0m [38;5;242m616[0m[38;5;242m ┊[0m              if (c == '"') {
[38;5;242m  │[0m                        [1;38;5;203m^[0m
[38;5;242m  └─[0m

[38;5;242m  issue #[0m[38;5;220m156[0m · [38;5;242mUndefined variable 'c'[0m
[38;5;242m  ┌─ [0mtest_lexer.nux:619:19
[38;5;242m  │[0m
[38;5;242m  │[0m [38;5;242m619[0m[38;5;242m ┊[0m              if (c == 92) {
[38;5;242m  │[0m                        [1;38;5;203m^[0m
[38;5;242m  └─[0m

[38;5;242m  issue #[0m[38;5;220m157[0m · [38;5;242mUnexpected token at top level: RBrace[0m
[38;5;242m  ┌─ [0mtest_lexer.nux:621:13
[38;5;242m  │[0m
[38;5;242m  │[0m [38;5;242m621[0m[38;5;242m ┊[0m              }
[38;5;242m  │[0m                  [1;38;5;203m^[0m
[38;5;242m  └─[0m

[38;5;242m  issue #[0m[38;5;220m158[0m · [38;5;242mUndefined variable 'this'[0m
[38;5;242m  ┌─ [0mtest_lexer.nux:622:29
[38;5;242m  │[0m
[38;5;242m  │[0m [38;5;242m622[0m[38;5;242m ┊[0m              this.advance_pos();
[38;5;242m  │[0m                                  [1;38;5;203m^[0m
[38;5;242m  └─[0m

[38;5;242m  issue #[0m[38;5;220m159[0m · [38;5;242mUnexpected token at top level: RBrace[0m
[38;5;242m  ┌─ [0mtest_lexer.nux:623:9
[38;5;242m  │[0m
[38;5;242m  │[0m [38;5;242m623[0m[38;5;242m ┊[0m          }
[38;5;242m  │[0m              [1;38;5;203m^[0m
[38;5;242m  └─[0m

[38;5;242m  issue #[0m[38;5;220m160[0m · [38;5;242mUndefined variable 'this'[0m
[38;5;242m  ┌─ [0mtest_lexer.nux:624:21
[38;5;242m  │[0m
[38;5;242m  │[0m [38;5;242m624[0m[38;5;242m ┊[0m          this.tk_end = this.pos;
[38;5;242m  │[0m                          [1;38;5;203m^[0m
[38;5;242m  └─[0m

[38;5;242m  issue #[0m[38;5;220m161[0m · [38;5;242mUndefined variable 'this'[0m
[38;5;242m  ┌─ [0mtest_lexer.nux:625:25
[38;5;242m  │[0m
[38;5;242m  │[0m [38;5;242m625[0m[38;5;242m ┊[0m          this.advance_pos();
[38;5;242m  │[0m                              [1;38;5;203m^[0m
[38;5;242m  └─[0m

[38;5;242m  issue #[0m[38;5;220m162[0m · [38;5;242mUndefined variable 'this'[0m
[38;5;242m  ┌─ [0mtest_lexer.nux:626:20
[38;5;242m  │[0m
[38;5;242m  │[0m [38;5;242m626[0m[38;5;242m ┊[0m          this.set_tk(TK_STRING);
[38;5;242m  │[0m                         [1;38;5;203m^[0m
[38;5;242m  └─[0m

[38;5;242m  issue #[0m[38;5;220m163[0m · [38;5;242mUnexpected token at top level: RBrace[0m
[38;5;242m  ┌─ [0mtest_lexer.nux:628:5
[38;5;242m  │[0m
[38;5;242m  │[0m [38;5;242m628[0m[38;5;242m ┊[0m      }
[38;5;242m  │[0m          [1;38;5;203m^[0m
[38;5;242m  └─[0m

[38;5;242m  issue #[0m[38;5;220m164[0m · [38;5;242mUndefined variable 'this'[0m
[38;5;242m  ┌─ [0mtest_lexer.nux:631:21
[38;5;242m  │[0m
[38;5;242m  │[0m [38;5;242m631[0m[38;5;242m ┊[0m          var c = this.cur();
[38;5;242m  │[0m                          [1;38;5;203m^[0m
[38;5;242m  └─[0m

[38;5;242m  issue #[0m[38;5;220m165[0m · [38;5;242mUndefined variable 'this'[0m
[38;5;242m  ┌─ [0mtest_lexer.nux:632:25
[38;5;242m  │[0m
[38;5;242m  │[0m [38;5;242m632[0m[38;5;242m ┊[0m          this.advance_pos();
[38;5;242m  │[0m                              [1;38;5;203m^[0m
[38;5;242m  └─[0m

[38;5;242m  issue #[0m[38;5;220m166[0m · [38;5;242mUndefined variable 'this'[0m
[38;5;242m  ┌─ [0mtest_lexer.nux:633:17
[38;5;242m  │[0m
[38;5;242m  │[0m [38;5;242m633[0m[38;5;242m ┊[0m          if (this.pos < this.length) {
[38;5;242m  │[0m                      [1;38;5;203m^[0m
[38;5;242m  └─[0m

[38;5;242m  issue #[0m[38;5;220m167[0m · [38;5;242mUndefined variable 'this'[0m
[38;5;242m  ┌─ [0mtest_lexer.nux:634:26
[38;5;242m  │[0m
[38;5;242m  │[0m [38;5;242m634[0m[38;5;242m ┊[0m              var nx = this.cur();
[38;5;242m  │[0m                               [1;38;5;203m^[0m
[38;5;242m  └─[0m

[38;5;242m  issue #[0m[38;5;220m168[0m · [38;5;242mUndefined variable 'c'[0m
[38;5;242m  ┌─ [0mtest_lexer.nux:636:19
[38;5;242m  │[0m
[38;5;242m  │[0m [38;5;242m636[0m[38;5;242m ┊[0m              if (c == '=') { if (nx == '=') { this.advance_pos(); this.set_tk(TK_EQ_EQ); matched = 1; } }
[38;5;242m  │[0m                        [1;38;5;203m^[0m
[38;5;242m  └─[0m

[38;5;242m  issue #[0m[38;5;220m169[0m · [38;5;242mUndefined variable 'nx'[0m
[38;5;242m  ┌─ [0mtest_lexer.nux:636:36
[38;5;242m  │[0m
[38;5;242m  │[0m [38;5;242m636[0m[38;5;242m ┊[0m              if (c == '=') { if (nx == '=') { this.advance_pos(); this.set_tk(TK_EQ_EQ); matched = 1; } }
[38;5;242m  │[0m                                         [1;38;5;203m^[0m
[38;5;242m  └─[0m

[38;5;242m  issue #[0m[38;5;220m170[0m · [38;5;242mUndefined variable 'this'[0m
[38;5;242m  ┌─ [0mtest_lexer.nux:636:77
[38;5;242m  │[0m
[38;5;242m  │[0m [38;5;242m636[0m[38;5;242m ┊[0m              if (c == '=') { if (nx == '=') { this.advance_pos(); this.set_tk(TK_EQ_EQ); matched = 1; } }
[38;5;242m  │[0m                                                                                  [1;38;5;203m^[0m
[38;5;242m  └─[0m

[38;5;242m  issue #[0m[38;5;220m171[0m · [38;5;242mUnexpected token at top level: RBrace[0m
[38;5;242m  ┌─ [0mtest_lexer.nux:636:104
[38;5;242m  │[0m
[38;5;242m  │[0m [38;5;242m636[0m[38;5;242m ┊[0m              if (c == '=') { if (nx == '=') { this.advance_pos(); this.set_tk(TK_EQ_EQ); matched = 1; } }
[38;5;242m  │[0m                                                                                                             [1;38;5;203m^[0m
[38;5;242m  └─[0m

[38;5;242m  issue #[0m[38;5;220m172[0m · [38;5;242mUndefined variable 'c'[0m
[38;5;242m  ┌─ [0mtest_lexer.nux:637:19
[38;5;242m  │[0m
[38;5;242m  │[0m [38;5;242m637[0m[38;5;242m ┊[0m              if (c == '!') { if (nx == '=') { this.advance_pos(); this.set_tk(TK_NOT_EQ); matched = 1; } }
[38;5;242m  │[0m                        [1;38;5;203m^[0m
[38;5;242m  └─[0m

[38;5;242m  issue #[0m[38;5;220m173[0m · [38;5;242mUndefined variable 'nx'[0m
[38;5;242m  ┌─ [0mtest_lexer.nux:637:36
[38;5;242m  │[0m
[38;5;242m  │[0m [38;5;242m637[0m[38;5;242m ┊[0m              if (c == '!') { if (nx == '=') { this.advance_pos(); this.set_tk(TK_NOT_EQ); matched = 1; } }
[38;5;242m  │[0m                                         [1;38;5;203m^[0m
[38;5;242m  └─[0m

[38;5;242m  issue #[0m[38;5;220m174[0m · [38;5;242mUndefined variable 'this'[0m
[38;5;242m  ┌─ [0mtest_lexer.nux:637:77
[38;5;242m  │[0m
[38;5;242m  │[0m [38;5;242m637[0m[38;5;242m ┊[0m              if (c == '!') { if (nx == '=') { this.advance_pos(); this.set_tk(TK_NOT_EQ); matched = 1; } }
[38;5;242m  │[0m                                                                                  [1;38;5;203m^[0m
[38;5;242m  └─[0m

[38;5;242m  issue #[0m[38;5;220m175[0m · [38;5;242mUnexpected token at top level: RBrace[0m
[38;5;242m  ┌─ [0mtest_lexer.nux:637:103
[38;5;242m  │[0m
[38;5;242m  │[0m [38;5;242m637[0m[38;5;242m ┊[0m              if (c == '!') { if (nx == '=') { this.advance_pos(); this.set_tk(TK_NOT_EQ); matched = 1; } }
[38;5;242m  │[0m                                                                                                            [1;38;5;203m^[0m
[38;5;242m  └─[0m

[38;5;242m  issue #[0m[38;5;220m176[0m · [38;5;242mUnexpected token at top level: RBrace[0m
[38;5;242m  ┌─ [0mtest_lexer.nux:637:105
[38;5;242m  │[0m
[38;5;242m  │[0m [38;5;242m637[0m[38;5;242m ┊[0m              if (c == '!') { if (nx == '=') { this.advance_pos(); this.set_tk(TK_NOT_EQ); matched = 1; } }
[38;5;242m  │[0m                                                                                                              [1;38;5;203m^[0m
[38;5;242m  └─[0m

[38;5;242m  issue #[0m[38;5;220m177[0m · [38;5;242mUndefined variable 'c'[0m
[38;5;242m  ┌─ [0mtest_lexer.nux:638:19
[38;5;242m  │[0m
[38;5;242m  │[0m [38;5;242m638[0m[38;5;242m ┊[0m              if (c == '<') { if (nx == '=') { this.advance_pos(); this.set_tk(TK_LT_EQ); matched = 1; } }
[38;5;242m  │[0m                        [1;38;5;203m^[0m
[38;5;242m  └─[0m

[38;5;242m  issue #[0m[38;5;220m178[0m · [38;5;242mUndefined variable 'nx'[0m
[38;5;242m  ┌─ [0mtest_lexer.nux:638:36
[38;5;242m  │[0m
[38;5;242m  │[0m [38;5;242m638[0m[38;5;242m ┊[0m              if (c == '<') { if (nx == '=') { this.advance_pos(); this.set_tk(TK_LT_EQ); matched = 1; } }
[38;5;242m  │[0m                                         [1;38;5;203m^[0m
[38;5;242m  └─[0m

[38;5;242m  issue #[0m[38;5;220m179[0m · [38;5;242mUndefined variable 'this'[0m
[38;5;242m  ┌─ [0mtest_lexer.nux:638:77
[38;5;242m  │[0m
[38;5;242m  │[0m [38;5;242m638[0m[38;5;242m ┊[0m              if (c == '<') { if (nx == '=') { this.advance_pos(); this.set_tk(TK_LT_EQ); matched = 1; } }
[38;5;242m  │[0m                                                                                  [1;38;5;203m^[0m
[38;5;242m  └─[0m

[38;5;242m  issue #[0m[38;5;220m180[0m · [38;5;242mUnexpected token at top level: RBrace[0m
[38;5;242m  ┌─ [0mtest_lexer.nux:638:102
[38;5;242m  │[0m
[38;5;242m  │[0m [38;5;242m638[0m[38;5;242m ┊[0m              if (c == '<') { if (nx == '=') { this.advance_pos(); this.set_tk(TK_LT_EQ); matched = 1; } }
[38;5;242m  │[0m                                                                                                           [1;38;5;203m^[0m
[38;5;242m  └─[0m

[38;5;242m  issue #[0m[38;5;220m181[0m · [38;5;242mUnexpected token at top level: RBrace[0m
[38;5;242m  ┌─ [0mtest_lexer.nux:638:104
[38;5;242m  │[0m
[38;5;242m  │[0m [38;5;242m638[0m[38;5;242m ┊[0m              if (c == '<') { if (nx == '=') { this.advance_pos(); this.set_tk(TK_LT_EQ); matched = 1; } }
[38;5;242m  │[0m                                                                                                             [1;38;5;203m^[0m
[38;5;242m  └─[0m

[38;5;242m  issue #[0m[38;5;220m182[0m · [38;5;242mUndefined variable 'c'[0m
[38;5;242m  ┌─ [0mtest_lexer.nux:639:19
[38;5;242m  │[0m
[38;5;242m  │[0m [38;5;242m639[0m[38;5;242m ┊[0m              if (c == '>') { if (nx == '=') { this.advance_pos(); this.set_tk(TK_GT_EQ); matched = 1; } }
[38;5;242m  │[0m                        [1;38;5;203m^[0m
[38;5;242m  └─[0m

[38;5;242m  issue #[0m[38;5;220m183[0m · [38;5;242mUndefined variable 'nx'[0m
[38;5;242m  ┌─ [0mtest_lexer.nux:639:36
[38;5;242m  │[0m
[38;5;242m  │[0m [38;5;242m639[0m[38;5;242m ┊[0m              if (c == '>') { if (nx == '=') { this.advance_pos(); this.set_tk(TK_GT_EQ); matched = 1; } }
[38;5;242m  │[0m                                         [1;38;5;203m^[0m
[38;5;242m  └─[0m

[38;5;242m  issue #[0m[38;5;220m184[0m · [38;5;242mUndefined variable 'this'[0m
[38;5;242m  ┌─ [0mtest_lexer.nux:639:77
[38;5;242m  │[0m
[38;5;242m  │[0m [38;5;242m639[0m[38;5;242m ┊[0m              if (c == '>') { if (nx == '=') { this.advance_pos(); this.set_tk(TK_GT_EQ); matched = 1; } }
[38;5;242m  │[0m                                                                                  [1;38;5;203m^[0m
[38;5;242m  └─[0m

[38;5;242m  issue #[0m[38;5;220m185[0m · [38;5;242mUnexpected token at top level: RBrace[0m
[38;5;242m  ┌─ [0mtest_lexer.nux:639:102
[38;5;242m  │[0m
[38;5;242m  │[0m [38;5;242m639[0m[38;5;242m ┊[0m              if (c == '>') { if (nx == '=') { this.advance_pos(); this.set_tk(TK_GT_EQ); matched = 1; } }
[38;5;242m  │[0m                                                                                                           [1;38;5;203m^[0m
[38;5;242m  └─[0m

[38;5;242m  issue #[0m[38;5;220m186[0m · [38;5;242mUnexpected token at top level: RBrace[0m
[38;5;242m  ┌─ [0mtest_lexer.nux:639:104
[38;5;242m  │[0m
[38;5;242m  │[0m [38;5;242m639[0m[38;5;242m ┊[0m              if (c == '>') { if (nx == '=') { this.advance_pos(); this.set_tk(TK_GT_EQ); matched = 1; } }
[38;5;242m  │[0m                                                                                                             [1;38;5;203m^[0m
[38;5;242m  └─[0m

[38;5;242m  issue #[0m[38;5;220m187[0m · [38;5;242mUndefined variable 'c'[0m
[38;5;242m  ┌─ [0mtest_lexer.nux:640:19
[38;5;242m  │[0m
[38;5;242m  │[0m [38;5;242m640[0m[38;5;242m ┊[0m              if (c == '&') { if (nx == '&') { this.advance_pos(); this.set_tk(TK_AND); matched = 1; } }
[38;5;242m  │[0m                        [1;38;5;203m^[0m
[38;5;242m  └─[0m

[38;5;242m  issue #[0m[38;5;220m188[0m · [38;5;242mUndefined variable 'nx'[0m
[38;5;242m  ┌─ [0mtest_lexer.nux:640:36
[38;5;242m  │[0m
[38;5;242m  │[0m [38;5;242m640[0m[38;5;242m ┊[0m              if (c == '&') { if (nx == '&') { this.advance_pos(); this.set_tk(TK_AND); matched = 1; } }
[38;5;242m  │[0m                                         [1;38;5;203m^[0m
[38;5;242m  └─[0m

[38;5;242m  issue #[0m[38;5;220m189[0m · [38;5;242mUndefined variable 'this'[0m
[38;5;242m  ┌─ [0mtest_lexer.nux:640:77
[38;5;242m  │[0m
[38;5;242m  │[0m [38;5;242m640[0m[38;5;242m ┊[0m              if (c == '&') { if (nx == '&') { this.advance_pos(); this.set_tk(TK_AND); matched = 1; } }
[38;5;242m  │[0m                                                                                  [1;38;5;203m^[0m
[38;5;242m  └─[0m

[38;5;242m  issue #[0m[38;5;220m190[0m · [38;5;242mUnexpected token at top level: RBrace[0m
[38;5;242m  ┌─ [0mtest_lexer.nux:640:100
[38;5;242m  │[0m
[38;5;242m  │[0m [38;5;242m640[0m[38;5;242m ┊[0m              if (c == '&') { if (nx == '&') { this.advance_pos(); this.set_tk(TK_AND); matched = 1; } }
[38;5;242m  │[0m                                                                                                         [1;38;5;203m^[0m
[38;5;242m  └─[0m

[38;5;242m  issue #[0m[38;5;220m191[0m · [38;5;242mUnexpected token at top level: RBrace[0m
[38;5;242m  ┌─ [0mtest_lexer.nux:640:102
[38;5;242m  │[0m
[38;5;242m  │[0m [38;5;242m640[0m[38;5;242m ┊[0m              if (c == '&') { if (nx == '&') { this.advance_pos(); this.set_tk(TK_AND); matched = 1; } }
[38;5;242m  │[0m                                                                                                           [1;38;5;203m^[0m
[38;5;242m  └─[0m

[38;5;242m  issue #[0m[38;5;220m192[0m · [38;5;242mUndefined variable 'c'[0m
[38;5;242m  ┌─ [0mtest_lexer.nux:641:19
[38;5;242m  │[0m
[38;5;242m  │[0m [38;5;242m641[0m[38;5;242m ┊[0m              if (c == '|') { if (nx == '|') { this.advance_pos(); this.set_tk(TK_OR); matched = 1; } }
[38;5;242m  │[0m                        [1;38;5;203m^[0m
[38;5;242m  └─[0m

[38;5;242m  issue #[0m[38;5;220m193[0m · [38;5;242mUndefined variable 'nx'[0m
[38;5;242m  ┌─ [0mtest_lexer.nux:641:36
[38;5;242m  │[0m
[38;5;242m  │[0m [38;5;242m641[0m[38;5;242m ┊[0m              if (c == '|') { if (nx == '|') { this.advance_pos(); this.set_tk(TK_OR); matched = 1; } }
[38;5;242m  │[0m                                         [1;38;5;203m^[0m
[38;5;242m  └─[0m

[38;5;242m  issue #[0m[38;5;220m194[0m · [38;5;242mUndefined variable 'this'[0m
[38;5;242m  ┌─ [0mtest_lexer.nux:641:77
[38;5;242m  │[0m
[38;5;242m  │[0m [38;5;242m641[0m[38;5;242m ┊[0m              if (c == '|') { if (nx == '|') { this.advance_pos(); this.set_tk(TK_OR); matched = 1; } }
[38;5;242m  │[0m                                                                                  [1;38;5;203m^[0m
[38;5;242m  └─[0m

[38;5;242m  issue #[0m[38;5;220m195[0m · [38;5;242mUnexpected token at top level: RBrace[0m
[38;5;242m  ┌─ [0mtest_lexer.nux:641:99
[38;5;242m  │[0m
[38;5;242m  │[0m [38;5;242m641[0m[38;5;242m ┊[0m              if (c == '|') { if (nx == '|') { this.advance_pos(); this.set_tk(TK_OR); matched = 1; } }
[38;5;242m  │[0m                                                                                                        [1;38;5;203m^[0m
[38;5;242m  └─[0m

[38;5;242m  issue #[0m[38;5;220m196[0m · [38;5;242mUnexpected token at top level: RBrace[0m
[38;5;242m  ┌─ [0mtest_lexer.nux:641:101
[38;5;242m  │[0m
[38;5;242m  │[0m [38;5;242m641[0m[38;5;242m ┊[0m              if (c == '|') { if (nx == '|') { this.advance_pos(); this.set_tk(TK_OR); matched = 1; } }
[38;5;242m  │[0m                                                                                                          [1;38;5;203m^[0m
[38;5;242m  └─[0m

[38;5;242m  issue #[0m[38;5;220m197[0m · [38;5;242mUndefined variable 'c'[0m
[38;5;242m  ┌─ [0mtest_lexer.nux:642:19
[38;5;242m  │[0m
[38;5;242m  │[0m [38;5;242m642[0m[38;5;242m ┊[0m              if (c == '<') { if (nx == '<') { this.advance_pos(); this.set_tk(TK_LSHIFT); matched = 1; } }
[38;5;242m  │[0m                        [1;38;5;203m^[0m
[38;5;242m  └─[0m

[38;5;242m  issue #[0m[38;5;220m198[0m · [38;5;242mUndefined variable 'nx'[0m
[38;5;242m  ┌─ [0mtest_lexer.nux:642:36
[38;5;242m  │[0m
[38;5;242m  │[0m [38;5;242m642[0m[38;5;242m ┊[0m              if (c == '<') { if (nx == '<') { this.advance_pos(); this.set_tk(TK_LSHIFT); matched = 1; } }
[38;5;242m  │[0m                                         [1;38;5;203m^[0m
[38;5;242m  └─[0m

[38;5;242m  issue #[0m[38;5;220m199[0m · [38;5;242mUndefined variable 'this'[0m
[38;5;242m  ┌─ [0mtest_lexer.nux:642:77
[38;5;242m  │[0m
[38;5;242m  │[0m [38;5;242m642[0m[38;5;242m ┊[0m              if (c == '<') { if (nx == '<') { this.advance_pos(); this.set_tk(TK_LSHIFT); matched = 1; } }
[38;5;242m  │[0m                                                                                  [1;38;5;203m^[0m
[38;5;242m  └─[0m

[38;5;242m  issue #[0m[38;5;220m200[0m · [38;5;242mUnexpected token at top level: RBrace[0m
[38;5;242m  ┌─ [0mtest_lexer.nux:642:103
[38;5;242m  │[0m
[38;5;242m  │[0m [38;5;242m642[0m[38;5;242m ┊[0m              if (c == '<') { if (nx == '<') { this.advance_pos(); this.set_tk(TK_LSHIFT); matched = 1; } }
[38;5;242m  │[0m                                                                                                            [1;38;5;203m^[0m
[38;5;242m  └─[0m

[38;5;242m  issue #[0m[38;5;220m201[0m · [38;5;242mUnexpected token at top level: RBrace[0m
[38;5;242m  ┌─ [0mtest_lexer.nux:642:105
[38;5;242m  │[0m
[38;5;242m  │[0m [38;5;242m642[0m[38;5;242m ┊[0m              if (c == '<') { if (nx == '<') { this.advance_pos(); this.set_tk(TK_LSHIFT); matched = 1; } }
[38;5;242m  │[0m                                                                                                              [1;38;5;203m^[0m
[38;5;242m  └─[0m

[38;5;242m  issue #[0m[38;5;220m202[0m · [38;5;242mUndefined variable 'c'[0m
[38;5;242m  ┌─ [0mtest_lexer.nux:643:19
[38;5;242m  │[0m
[38;5;242m  │[0m [38;5;242m643[0m[38;5;242m ┊[0m              if (c == '>') { if (nx == '>') { this.advance_pos(); this.set_tk(TK_RSHIFT); matched = 1; } }
[38;5;242m  │[0m                        [1;38;5;203m^[0m
[38;5;242m  └─[0m

[38;5;242m  issue #[0m[38;5;220m203[0m · [38;5;242mUndefined variable 'nx'[0m
[38;5;242m  ┌─ [0mtest_lexer.nux:643:36
[38;5;242m  │[0m
[38;5;242m  │[0m [38;5;242m643[0m[38;5;242m ┊[0m              if (c == '>') { if (nx == '>') { this.advance_pos(); this.set_tk(TK_RSHIFT); matched = 1; } }
[38;5;242m  │[0m                                         [1;38;5;203m^[0m
[38;5;242m  └─[0m

[38;5;242m  issue #[0m[38;5;220m204[0m · [38;5;242mUndefined variable 'this'[0m
[38;5;242m  ┌─ [0mtest_lexer.nux:643:77
[38;5;242m  │[0m
[38;5;242m  │[0m [38;5;242m643[0m[38;5;242m ┊[0m              if (c == '>') { if (nx == '>') { this.advance_pos(); this.set_tk(TK_RSHIFT); matched = 1; } }
[38;5;242m  │[0m                                                                                  [1;38;5;203m^[0m
[38;5;242m  └─[0m

[38;5;242m  issue #[0m[38;5;220m205[0m · [38;5;242mUnexpected token at top level: RBrace[0m
[38;5;242m  ┌─ [0mtest_lexer.nux:643:103
[38;5;242m  │[0m
[38;5;242m  │[0m [38;5;242m643[0m[38;5;242m ┊[0m              if (c == '>') { if (nx == '>') { this.advance_pos(); this.set_tk(TK_RSHIFT); matched = 1; } }
[38;5;242m  │[0m                                                                                                            [1;38;5;203m^[0m
[38;5;242m  └─[0m

[38;5;242m  issue #[0m[38;5;220m206[0m · [38;5;242mUnexpected token at top level: RBrace[0m
[38;5;242m  ┌─ [0mtest_lexer.nux:643:105
[38;5;242m  │[0m
[38;5;242m  │[0m [38;5;242m643[0m[38;5;242m ┊[0m              if (c == '>') { if (nx == '>') { this.advance_pos(); this.set_tk(TK_RSHIFT); matched = 1; } }
[38;5;242m  │[0m                                                                                                              [1;38;5;203m^[0m
[38;5;242m  └─[0m

[38;5;242m  issue #[0m[38;5;220m207[0m · [38;5;242mUnexpected token at top level: RBrace[0m
[38;5;242m  ┌─ [0mtest_lexer.nux:646:9
[38;5;242m  │[0m
[38;5;242m  │[0m [38;5;242m646[0m[38;5;242m ┊[0m          }
[38;5;242m  │[0m              [1;38;5;203m^[0m
[38;5;242m  └─[0m

[38;5;242m  issue #[0m[38;5;220m208[0m · [38;5;242mUndefined variable 'c'[0m
[38;5;242m  ┌─ [0mtest_lexer.nux:648:15
[38;5;242m  │[0m
[38;5;242m  │[0m [38;5;242m648[0m[38;5;242m ┊[0m          if (c == '=') { this.set_tk(TK_EQ); return 0; }
[38;5;242m  │[0m                    [1;38;5;203m^[0m
[38;5;242m  └─[0m

[38;5;242m  issue #[0m[38;5;220m209[0m · [38;5;242mUnexpected token at top level: RBrace[0m
[38;5;242m  ┌─ [0mtest_lexer.nux:648:55
[38;5;242m  │[0m
[38;5;242m  │[0m [38;5;242m648[0m[38;5;242m ┊[0m          if (c == '=') { this.set_tk(TK_EQ); return 0; }
[38;5;242m  │[0m                                                            [1;38;5;203m^[0m
[38;5;242m  └─[0m

[38;5;242m  issue #[0m[38;5;220m210[0m · [38;5;242mUndefined variable 'c'[0m
[38;5;242m  ┌─ [0mtest_lexer.nux:649:15
[38;5;242m  │[0m
[38;5;242m  │[0m [38;5;242m649[0m[38;5;242m ┊[0m          if (c == '<') { this.set_tk(TK_LT); return 0; }
[38;5;242m  │[0m                    [1;38;5;203m^[0m
[38;5;242m  └─[0m

[38;5;242m  issue #[0m[38;5;220m211[0m · [38;5;242mUnexpected token at top level: RBrace[0m
[38;5;242m  ┌─ [0mtest_lexer.nux:649:55
[38;5;242m  │[0m
[38;5;242m  │[0m [38;5;242m649[0m[38;5;242m ┊[0m          if (c == '<') { this.set_tk(TK_LT); return 0; }
[38;5;242m  │[0m                                                            [1;38;5;203m^[0m
[38;5;242m  └─[0m

[38;5;242m  issue #[0m[38;5;220m212[0m · [38;5;242mUndefined variable 'c'[0m
[38;5;242m  ┌─ [0mtest_lexer.nux:650:15
[38;5;242m  │[0m
[38;5;242m  │[0m [38;5;242m650[0m[38;5;242m ┊[0m          if (c == '>') { this.set_tk(TK_GT); return 0; }
[38;5;242m  │[0m                    [1;38;5;203m^[0m
[38;5;242m  └─[0m

[38;5;242m  issue #[0m[38;5;220m213[0m · [38;5;242mUnexpected token at top level: RBrace[0m
[38;5;242m  ┌─ [0mtest_lexer.nux:650:55
[38;5;242m  │[0m
[38;5;242m  │[0m [38;5;242m650[0m[38;5;242m ┊[0m          if (c == '>') { this.set_tk(TK_GT); return 0; }
[38;5;242m  │[0m                                                            [1;38;5;203m^[0m
[38;5;242m  └─[0m

[38;5;242m  issue #[0m[38;5;220m214[0m · [38;5;242mUndefined variable 'c'[0m
[38;5;242m  ┌─ [0mtest_lexer.nux:651:15
[38;5;242m  │[0m
[38;5;242m  │[0m [38;5;242m651[0m[38;5;242m ┊[0m          if (c == '&') { this.set_tk(TK_AMPERSAND); return 0; }
[38;5;242m  │[0m                    [1;38;5;203m^[0m
[38;5;242m  └─[0m

[38;5;242m  issue #[0m[38;5;220m215[0m · [38;5;242mUnexpected token at top level: RBrace[0m
[38;5;242m  ┌─ [0mtest_lexer.nux:651:62
[38;5;242m  │[0m
[38;5;242m  │[0m [38;5;242m651[0m[38;5;242m ┊[0m          if (c == '&') { this.set_tk(TK_AMPERSAND); return 0; }
[38;5;242m  │[0m                                                                   [1;38;5;203m^[0m
[38;5;242m  └─[0m

[38;5;242m  issue #[0m[38;5;220m216[0m · [38;5;242mUndefined variable 'c'[0m
[38;5;242m  ┌─ [0mtest_lexer.nux:652:15
[38;5;242m  │[0m
[38;5;242m  │[0m [38;5;242m652[0m[38;5;242m ┊[0m          if (c == '|') { this.set_tk(TK_PIPE); return 0; }
[38;5;242m  │[0m                    [1;38;5;203m^[0m
[38;5;242m  └─[0m

[38;5;242m  issue #[0m[38;5;220m217[0m · [38;5;242mUnexpected token at top level: RBrace[0m
[38;5;242m  ┌─ [0mtest_lexer.nux:652:57
[38;5;242m  │[0m
[38;5;242m  │[0m [38;5;242m652[0m[38;5;242m ┊[0m          if (c == '|') { this.set_tk(TK_PIPE); return 0; }
[38;5;242m  │[0m                                                              [1;38;5;203m^[0m
[38;5;242m  └─[0m

[38;5;242m  issue #[0m[38;5;220m218[0m · [38;5;242mUndefined variable 'c'[0m
[38;5;242m  ┌─ [0mtest_lexer.nux:653:15
[38;5;242m  │[0m
[38;5;242m  │[0m [38;5;242m653[0m[38;5;242m ┊[0m          if (c == '^') { this.set_tk(TK_CARET); return 0; }
[38;5;242m  │[0m                    [1;38;5;203m^[0m
[38;5;242m  └─[0m

[38;5;242m  issue #[0m[38;5;220m219[0m · [38;5;242mUnexpected token at top level: RBrace[0m
[38;5;242m  ┌─ [0mtest_lexer.nux:653:58
[38;5;242m  │[0m
[38;5;242m  │[0m [38;5;242m653[0m[38;5;242m ┊[0m          if (c == '^') { this.set_tk(TK_CARET); return 0; }
[38;5;242m  │[0m                                                               [1;38;5;203m^[0m
[38;5;242m  └─[0m

[38;5;242m  issue #[0m[38;5;220m220[0m · [38;5;242mUndefined variable 'c'[0m
[38;5;242m  ┌─ [0mtest_lexer.nux:654:15
[38;5;242m  │[0m
[38;5;242m  │[0m [38;5;242m654[0m[38;5;242m ┊[0m          if (c == '~') { this.set_tk(TK_TILDE); return 0; }
[38;5;242m  │[0m                    [1;38;5;203m^[0m
[38;5;242m  └─[0m

[38;5;242m  issue #[0m[38;5;220m221[0m · [38;5;242mUnexpected token at top level: RBrace[0m
[38;5;242m  ┌─ [0mtest_lexer.nux:654:58
[38;5;242m  │[0m
[38;5;242m  │[0m [38;5;242m654[0m[38;5;242m ┊[0m          if (c == '~') { this.set_tk(TK_TILDE); return 0; }
[38;5;242m  │[0m                                                               [1;38;5;203m^[0m
[38;5;242m  └─[0m

[38;5;242m  issue #[0m[38;5;220m222[0m · [38;5;242mUndefined variable 'this'[0m
[38;5;242m  ┌─ [0mtest_lexer.nux:655:20
[38;5;242m  │[0m
[38;5;242m  │[0m [38;5;242m655[0m[38;5;242m ┊[0m          this.set_tk(TK_IDENTIFIER);
[38;5;242m  │[0m                         [1;38;5;203m^[0m
[38;5;242m  └─[0m

[38;5;242m  issue #[0m[38;5;220m223[0m · [38;5;242mUnexpected token at top level: RBrace[0m
[38;5;242m  ┌─ [0mtest_lexer.nux:657:5
[38;5;242m  │[0m
[38;5;242m  │[0m [38;5;242m657[0m[38;5;242m ┊[0m      }
[38;5;242m  │[0m          [1;38;5;203m^[0m
[38;5;242m  └─[0m

[38;5;242m  issue #[0m[38;5;220m224[0m · [38;5;242mUndefined variable 'this'[0m
[38;5;242m  ┌─ [0mtest_lexer.nux:660:17
[38;5;242m  │[0m
[38;5;242m  │[0m [38;5;242m660[0m[38;5;242m ┊[0m          if (this.pending_semi == 1) {
[38;5;242m  │[0m                      [1;38;5;203m^[0m
[38;5;242m  └─[0m

[38;5;242m  issue #[0m[38;5;220m225[0m · [38;5;242mUndefined variable 'this'[0m
[38;5;242m  ┌─ [0mtest_lexer.nux:662:26
[38;5;242m  │[0m
[38;5;242m  │[0m [38;5;242m662[0m[38;5;242m ┊[0m              this.tk_kind = TK_SEMICOLON;
[38;5;242m  │[0m                               [1;38;5;203m^[0m
[38;5;242m  └─[0m

[38;5;242m  issue #[0m[38;5;220m226[0m · [38;5;242mUndefined variable 'this'[0m
[38;5;242m  ┌─ [0mtest_lexer.nux:663:26
[38;5;242m  │[0m
[38;5;242m  │[0m [38;5;242m663[0m[38;5;242m ┊[0m              this.tk_line = this.line;
[38;5;242m  │[0m                               [1;38;5;203m^[0m
[38;5;242m  └─[0m

[38;5;242m  issue #[0m[38;5;220m227[0m · [38;5;242mUndefined variable 'this'[0m
[38;5;242m  ┌─ [0mtest_lexer.nux:664:25
[38;5;242m  │[0m
[38;5;242m  │[0m [38;5;242m664[0m[38;5;242m ┊[0m              this.tk_col = this.col;
[38;5;242m  │[0m                              [1;38;5;203m^[0m
[38;5;242m  └─[0m

[38;5;242m  issue #[0m[38;5;220m228[0m · [38;5;242mUndefined variable 'this'[0m
[38;5;242m  ┌─ [0mtest_lexer.nux:665:28
[38;5;242m  │[0m
[38;5;242m  │[0m [38;5;242m665[0m[38;5;242m ┊[0m              this.last_kind = TK_SEMICOLON;
[38;5;242m  │[0m                                 [1;38;5;203m^[0m
[38;5;242m  └─[0m

[38;5;242m  issue #[0m[38;5;220m229[0m · [38;5;242mUndefined variable 'this'[0m
[38;5;242m  ┌─ [0mtest_lexer.nux:669:28
[38;5;242m  │[0m
[38;5;242m  │[0m [38;5;242m669[0m[38;5;242m ┊[0m          var pre_line = this.line;
[38;5;242m  │[0m                                 [1;38;5;203m^[0m
[38;5;242m  └─[0m

[38;5;242m  issue #[0m[38;5;220m230[0m · [38;5;242mUndefined variable 'this'[0m
[38;5;242m  ┌─ [0mtest_lexer.nux:670:27
[38;5;242m  │[0m
[38;5;242m  │[0m [38;5;242m670[0m[38;5;242m ┊[0m          var pre_col = this.col;
[38;5;242m  │[0m                                [1;38;5;203m^[0m
[38;5;242m  └─[0m

[38;5;242m  issue #[0m[38;5;220m231[0m · [38;5;242mUndefined variable 'this'[0m
[38;5;242m  ┌─ [0mtest_lexer.nux:671:26
[38;5;242m  │[0m
[38;5;242m  │[0m [38;5;242m671[0m[38;5;242m ┊[0m          var hit_nl = this.skip_ws();
[38;5;242m  │[0m                               [1;38;5;203m^[0m
[38;5;242m  └─[0m

[38;5;242m  issue #[0m[38;5;220m232[0m · [38;5;242mUndefined variable 'hit_nl'[0m
[38;5;242m  ┌─ [0mtest_lexer.nux:672:20
[38;5;242m  │[0m
[38;5;242m  │[0m [38;5;242m672[0m[38;5;242m ┊[0m          if (hit_nl == 1) {
[38;5;242m  │[0m                         [1;38;5;203m^[0m
[38;5;242m  └─[0m

[38;5;242m  issue #[0m[38;5;220m233[0m · [38;5;242mUndefined variable 'this'[0m
[38;5;242m  ┌─ [0mtest_lexer.nux:673:38
[38;5;242m  │[0m
[38;5;242m  │[0m [38;5;242m673[0m[38;5;242m ┊[0m              if (lex_triggers_asi(this.last_kind) == 1) {
[38;5;242m  │[0m                                           [1;38;5;203m^[0m
[38;5;242m  └─[0m

[38;5;242m  issue #[0m[38;5;220m234[0m · [38;5;242mUndefined variable 'this'[0m
[38;5;242m  ┌─ [0mtest_lexer.nux:675:30
[38;5;242m  │[0m
[38;5;242m  │[0m [38;5;242m675[0m[38;5;242m ┊[0m                  this.tk_line = pre_line;
[38;5;242m  │[0m                                   [1;38;5;203m^[0m
[38;5;242m  └─[0m

[38;5;242m  issue #[0m[38;5;220m235[0m · [38;5;242mUndefined variable 'this'[0m
[38;5;242m  ┌─ [0mtest_lexer.nux:676:29
[38;5;242m  │[0m
[38;5;242m  │[0m [38;5;242m676[0m[38;5;242m ┊[0m                  this.tk_col = pre_col;
[38;5;242m  │[0m                                  [1;38;5;203m^[0m
[38;5;242m  └─[0m

[38;5;242m  issue #[0m[38;5;220m236[0m · [38;5;242mUndefined variable 'this'[0m
[38;5;242m  ┌─ [0mtest_lexer.nux:677:32
[38;5;242m  │[0m
[38;5;242m  │[0m [38;5;242m677[0m[38;5;242m ┊[0m                  this.last_kind = TK_SEMICOLON;
[38;5;242m  │[0m                                     [1;38;5;203m^[0m
[38;5;242m  └─[0m

[38;5;242m  issue #[0m[38;5;220m237[0m · [38;5;242mUnexpected token at top level: RBrace[0m
[38;5;242m  ┌─ [0mtest_lexer.nux:679:13
[38;5;242m  │[0m
[38;5;242m  │[0m [38;5;242m679[0m[38;5;242m ┊[0m              }
[38;5;242m  │[0m                  [1;38;5;203m^[0m
[38;5;242m  └─[0m

[38;5;242m  issue #[0m[38;5;220m238[0m · [38;5;242mUnexpected token at top level: RBrace[0m
[38;5;242m  ┌─ [0mtest_lexer.nux:680:9
[38;5;242m  │[0m
[38;5;242m  │[0m [38;5;242m680[0m[38;5;242m ┊[0m          }
[38;5;242m  │[0m              [1;38;5;203m^[0m
[38;5;242m  └─[0m

[38;5;242m  issue #[0m[38;5;220m239[0m · [38;5;242mUndefined variable 'this'[0m
[38;5;242m  ┌─ [0mtest_lexer.nux:682:22
[38;5;242m  │[0m
[38;5;242m  │[0m [38;5;242m682[0m[38;5;242m ┊[0m          this.tk_line = this.line;
[38;5;242m  │[0m                           [1;38;5;203m^[0m
[38;5;242m  └─[0m

[38;5;242m  issue #[0m[38;5;220m240[0m · [38;5;242mUndefined variable 'this'[0m
[38;5;242m  ┌─ [0mtest_lexer.nux:683:21
[38;5;242m  │[0m
[38;5;242m  │[0m [38;5;242m683[0m[38;5;242m ┊[0m          this.tk_col = this.col;
[38;5;242m  │[0m                          [1;38;5;203m^[0m
[38;5;242m  └─[0m

[38;5;242m  issue #[0m[38;5;220m241[0m · [38;5;242mUndefined variable 'this'[0m
[38;5;242m  ┌─ [0mtest_lexer.nux:684:23
[38;5;242m  │[0m
[38;5;242m  │[0m [38;5;242m684[0m[38;5;242m ┊[0m          this.tk_start = this.pos;
[38;5;242m  │[0m                            [1;38;5;203m^[0m
[38;5;242m  └─[0m

[38;5;242m  issue #[0m[38;5;220m242[0m · [38;5;242mUndefined variable 'this'[0m
[38;5;242m  ┌─ [0mtest_lexer.nux:686:17
[38;5;242m  │[0m
[38;5;242m  │[0m [38;5;242m686[0m[38;5;242m ┊[0m          if (this.pos >= this.length) {
[38;5;242m  │[0m                      [1;38;5;203m^[0m
[38;5;242m  └─[0m

[38;5;242m  issue #[0m[38;5;220m243[0m · [38;5;242mUnexpected token at top level: RBrace[0m
[38;5;242m  ┌─ [0mtest_lexer.nux:689:9
[38;5;242m  │[0m
[38;5;242m  │[0m [38;5;242m689[0m[38;5;242m ┊[0m          }
[38;5;242m  │[0m              [1;38;5;203m^[0m
[38;5;242m  └─[0m

[38;5;242m  issue #[0m[38;5;220m244[0m · [38;5;242mUndefined variable 'this'[0m
[38;5;242m  ┌─ [0mtest_lexer.nux:691:21
[38;5;242m  │[0m
[38;5;242m  │[0m [38;5;242m691[0m[38;5;242m ┊[0m          var c = this.cur();
[38;5;242m  │[0m                          [1;38;5;203m^[0m
[38;5;242m  └─[0m

[38;5;242m  issue #[0m[38;5;220m245[0m · [38;5;242mUndefined variable 'c'[0m
[38;5;242m  ┌─ [0mtest_lexer.nux:693:15
[38;5;242m  │[0m
[38;5;242m  │[0m [38;5;242m693[0m[38;5;242m ┊[0m          if (c == '+') { this.advance_pos(); this.set_tk(TK_PLUS); return 0; }
[38;5;242m  │[0m                    [1;38;5;203m^[0m
[38;5;242m  └─[0m

[38;5;242m  issue #[0m[38;5;220m246[0m · [38;5;242mUndefined variable 'this'[0m
[38;5;242m  ┌─ [0mtest_lexer.nux:693:56
[38;5;242m  │[0m
[38;5;242m  │[0m [38;5;242m693[0m[38;5;242m ┊[0m          if (c == '+') { this.advance_pos(); this.set_tk(TK_PLUS); return 0; }
[38;5;242m  │[0m                                                             [1;38;5;203m^[0m
[38;5;242m  └─[0m

[38;5;242m  issue #[0m[38;5;220m247[0m · [38;5;242mUnexpected token at top level: RBrace[0m
[38;5;242m  ┌─ [0mtest_lexer.nux:693:77
[38;5;242m  │[0m
[38;5;242m  │[0m [38;5;242m693[0m[38;5;242m ┊[0m          if (c == '+') { this.advance_pos(); this.set_tk(TK_PLUS); return 0; }
[38;5;242m  │[0m                                                                                  [1;38;5;203m^[0m
[38;5;242m  └─[0m

[38;5;242m  issue #[0m[38;5;220m248[0m · [38;5;242mUndefined variable 'c'[0m
[38;5;242m  ┌─ [0mtest_lexer.nux:694:15
[38;5;242m  │[0m
[38;5;242m  │[0m [38;5;242m694[0m[38;5;242m ┊[0m          if (c == '-') { this.advance_pos(); this.set_tk(TK_MINUS); return 0; }
[38;5;242m  │[0m                    [1;38;5;203m^[0m
[38;5;242m  └─[0m

[38;5;242m  issue #[0m[38;5;220m249[0m · [38;5;242mUndefined variable 'this'[0m
[38;5;242m  ┌─ [0mtest_lexer.nux:694:56
[38;5;242m  │[0m
[38;5;242m  │[0m [38;5;242m694[0m[38;5;242m ┊[0m          if (c == '-') { this.advance_pos(); this.set_tk(TK_MINUS); return 0; }
[38;5;242m  │[0m                                                             [1;38;5;203m^[0m
[38;5;242m  └─[0m

[38;5;242m  issue #[0m[38;5;220m250[0m · [38;5;242mUnexpected token at top level: RBrace[0m
[38;5;242m  ┌─ [0mtest_lexer.nux:694:78
[38;5;242m  │[0m
[38;5;242m  │[0m [38;5;242m694[0m[38;5;242m ┊[0m          if (c == '-') { this.advance_pos(); this.set_tk(TK_MINUS); return 0; }
[38;5;242m  │[0m                                                                                   [1;38;5;203m^[0m
[38;5;242m  └─[0m

[38;5;242m  issue #[0m[38;5;220m251[0m · [38;5;242mUndefined variable 'c'[0m
[38;5;242m  ┌─ [0mtest_lexer.nux:695:15
[38;5;242m  │[0m
[38;5;242m  │[0m [38;5;242m695[0m[38;5;242m ┊[0m          if (c == '%') { this.advance_pos(); this.set_tk(TK_PERCENT); return 0; }
[38;5;242m  │[0m                    [1;38;5;203m^[0m
[38;5;242m  └─[0m

[38;5;242m  issue #[0m[38;5;220m252[0m · [38;5;242mUndefined variable 'this'[0m
[38;5;242m  ┌─ [0mtest_lexer.nux:695:56
[38;5;242m  │[0m
[38;5;242m  │[0m [38;5;242m695[0m[38;5;242m ┊[0m          if (c == '%') { this.advance_pos(); this.set_tk(TK_PERCENT); return 0; }
[38;5;242m  │[0m                                                             [1;38;5;203m^[0m
[38;5;242m  └─[0m

[38;5;242m  issue #[0m[38;5;220m253[0m · [38;5;242mUnexpected token at top level: RBrace[0m
[38;5;242m  ┌─ [0mtest_lexer.nux:695:80
[38;5;242m  │[0m
[38;5;242m  │[0m [38;5;242m695[0m[38;5;242m ┊[0m          if (c == '%') { this.advance_pos(); this.set_tk(TK_PERCENT); return 0; }
[38;5;242m  │[0m                                                                                     [1;38;5;203m^[0m
[38;5;242m  └─[0m

[38;5;242m  issue #[0m[38;5;220m254[0m · [38;5;242mUndefined variable 'c'[0m
[38;5;242m  ┌─ [0mtest_lexer.nux:696:15
[38;5;242m  │[0m
[38;5;242m  │[0m [38;5;242m696[0m[38;5;242m ┊[0m          if (c == '(') { this.advance_pos(); this.set_tk(TK_LPAREN); return 0; }
[38;5;242m  │[0m                    [1;38;5;203m^[0m
[38;5;242m  └─[0m

[38;5;242m  issue #[0m[38;5;220m255[0m · [38;5;242mUndefined variable 'this'[0m
[38;5;242m  ┌─ [0mtest_lexer.nux:696:56
[38;5;242m  │[0m
[38;5;242m  │[0m [38;5;242m696[0m[38;5;242m ┊[0m          if (c == '(') { this.advance_pos(); this.set_tk(TK_LPAREN); return 0; }
[38;5;242m  │[0m                                                             [1;38;5;203m^[0m
[38;5;242m  └─[0m

[38;5;242m  issue #[0m[38;5;220m256[0m · [38;5;242mUnexpected token at top level: RBrace[0m
[38;5;242m  ┌─ [0mtest_lexer.nux:696:79
[38;5;242m  │[0m
[38;5;242m  │[0m [38;5;242m696[0m[38;5;242m ┊[0m          if (c == '(') { this.advance_pos(); this.set_tk(TK_LPAREN); return 0; }
[38;5;242m  │[0m                                                                                    [1;38;5;203m^[0m
[38;5;242m  └─[0m

[38;5;242m  issue #[0m[38;5;220m257[0m · [38;5;242mUndefined variable 'c'[0m
[38;5;242m  ┌─ [0mtest_lexer.nux:697:15
[38;5;242m  │[0m
[38;5;242m  │[0m [38;5;242m697[0m[38;5;242m ┊[0m          if (c == ')') { this.advance_pos(); this.set_tk(TK_RPAREN); return 0; }
[38;5;242m  │[0m                    [1;38;5;203m^[0m
[38;5;242m  └─[0m

[38;5;242m  issue #[0m[38;5;220m258[0m · [38;5;242mUndefined variable 'this'[0m
[38;5;242m  ┌─ [0mtest_lexer.nux:697:56
[38;5;242m  │[0m
[38;5;242m  │[0m [38;5;242m697[0m[38;5;242m ┊[0m          if (c == ')') { this.advance_pos(); this.set_tk(TK_RPAREN); return 0; }
[38;5;242m  │[0m                                                             [1;38;5;203m^[0m
[38;5;242m  └─[0m

[38;5;242m  issue #[0m[38;5;220m259[0m · [38;5;242mUnexpected token at top level: RBrace[0m
[38;5;242m  ┌─ [0mtest_lexer.nux:697:79
[38;5;242m  │[0m
[38;5;242m  │[0m [38;5;242m697[0m[38;5;242m ┊[0m          if (c == ')') { this.advance_pos(); this.set_tk(TK_RPAREN); return 0; }
[38;5;242m  │[0m                                                                                    [1;38;5;203m^[0m
[38;5;242m  └─[0m

[38;5;242m  issue #[0m[38;5;220m260[0m · [38;5;242mUndefined variable 'c'[0m
[38;5;242m  ┌─ [0mtest_lexer.nux:698:15
[38;5;242m  │[0m
[38;5;242m  │[0m [38;5;242m698[0m[38;5;242m ┊[0m          if (c == '[') { this.advance_pos(); this.set_tk(TK_LBRACKET); return 0; }
[38;5;242m  │[0m                    [1;38;5;203m^[0m
[38;5;242m  └─[0m

[38;5;242m  issue #[0m[38;5;220m261[0m · [38;5;242mUndefined variable 'this'[0m
[38;5;242m  ┌─ [0mtest_lexer.nux:698:56
[38;5;242m  │[0m
[38;5;242m  │[0m [38;5;242m698[0m[38;5;242m ┊[0m          if (c == '[') { this.advance_pos(); this.set_tk(TK_LBRACKET); return 0; }
[38;5;242m  │[0m                                                             [1;38;5;203m^[0m
[38;5;242m  └─[0m

[38;5;242m  issue #[0m[38;5;220m262[0m · [38;5;242mUnexpected token at top level: RBrace[0m
[38;5;242m  ┌─ [0mtest_lexer.nux:698:81
[38;5;242m  │[0m
[38;5;242m  │[0m [38;5;242m698[0m[38;5;242m ┊[0m          if (c == '[') { this.advance_pos(); this.set_tk(TK_LBRACKET); return 0; }
[38;5;242m  │[0m                                                                                      [1;38;5;203m^[0m
[38;5;242m  └─[0m

[38;5;242m  issue #[0m[38;5;220m263[0m · [38;5;242mUndefined variable 'c'[0m
[38;5;242m  ┌─ [0mtest_lexer.nux:699:15
[38;5;242m  │[0m
[38;5;242m  │[0m [38;5;242m699[0m[38;5;242m ┊[0m          if (c == ']') { this.advance_pos(); this.set_tk(TK_RBRACKET); return 0; }
[38;5;242m  │[0m                    [1;38;5;203m^[0m
[38;5;242m  └─[0m

[38;5;242m  issue #[0m[38;5;220m264[0m · [38;5;242mUndefined variable 'this'[0m
[38;5;242m  ┌─ [0mtest_lexer.nux:699:56
[38;5;242m  │[0m
[38;5;242m  │[0m [38;5;242m699[0m[38;5;242m ┊[0m          if (c == ']') { this.advance_pos(); this.set_tk(TK_RBRACKET); return 0; }
[38;5;242m  │[0m                                                             [1;38;5;203m^[0m
[38;5;242m  └─[0m

[38;5;242m  issue #[0m[38;5;220m265[0m · [38;5;242mUnexpected token at top level: RBrace[0m
[38;5;242m  ┌─ [0mtest_lexer.nux:699:81
[38;5;242m  │[0m
[38;5;242m  │[0m [38;5;242m699[0m[38;5;242m ┊[0m          if (c == ']') { this.advance_pos(); this.set_tk(TK_RBRACKET); return 0; }
[38;5;242m  │[0m                                                                                      [1;38;5;203m^[0m
[38;5;242m  └─[0m

[38;5;242m  issue #[0m[38;5;220m266[0m · [38;5;242mUndefined variable 'c'[0m
[38;5;242m  ┌─ [0mtest_lexer.nux:700:15
[38;5;242m  │[0m
[38;5;242m  │[0m [38;5;242m700[0m[38;5;242m ┊[0m          if (c == '{') { this.advance_pos(); this.set_tk(TK_LBRACE); return 0; }
[38;5;242m  │[0m                    [1;38;5;203m^[0m
[38;5;242m  └─[0m

[38;5;242m  issue #[0m[38;5;220m267[0m · [38;5;242mUndefined variable 'this'[0m
[38;5;242m  ┌─ [0mtest_lexer.nux:700:56
[38;5;242m  │[0m
[38;5;242m  │[0m [38;5;242m700[0m[38;5;242m ┊[0m          if (c == '{') { this.advance_pos(); this.set_tk(TK_LBRACE); return 0; }
[38;5;242m  │[0m                                                             [1;38;5;203m^[0m
[38;5;242m  └─[0m

[38;5;242m  issue #[0m[38;5;220m268[0m · [38;5;242mUnexpected token at top level: RBrace[0m
[38;5;242m  ┌─ [0mtest_lexer.nux:700:79
[38;5;242m  │[0m
[38;5;242m  │[0m [38;5;242m700[0m[38;5;242m ┊[0m          if (c == '{') { this.advance_pos(); this.set_tk(TK_LBRACE); return 0; }
[38;5;242m  │[0m                                                                                    [1;38;5;203m^[0m
[38;5;242m  └─[0m

[38;5;242m  issue #[0m[38;5;220m269[0m · [38;5;242mUndefined variable 'c'[0m
[38;5;242m  ┌─ [0mtest_lexer.nux:701:15
[38;5;242m  │[0m
[38;5;242m  │[0m [38;5;242m701[0m[38;5;242m ┊[0m          if (c == '}') { this.advance_pos(); this.set_tk(TK_RBRACE); return 0; }
[38;5;242m  │[0m                    [1;38;5;203m^[0m
[38;5;242m  └─[0m

[38;5;242m  issue #[0m[38;5;220m270[0m · [38;5;242mUndefined variable 'this'[0m
[38;5;242m  ┌─ [0mtest_lexer.nux:701:56
[38;5;242m  │[0m
[38;5;242m  │[0m [38;5;242m701[0m[38;5;242m ┊[0m          if (c == '}') { this.advance_pos(); this.set_tk(TK_RBRACE); return 0; }
[38;5;242m  │[0m                                                             [1;38;5;203m^[0m
[38;5;242m  └─[0m

[38;5;242m  issue #[0m[38;5;220m271[0m · [38;5;242mUnexpected token at top level: RBrace[0m
[38;5;242m  ┌─ [0mtest_lexer.nux:701:79
[38;5;242m  │[0m
[38;5;242m  │[0m [38;5;242m701[0m[38;5;242m ┊[0m          if (c == '}') { this.advance_pos(); this.set_tk(TK_RBRACE); return 0; }
[38;5;242m  │[0m                                                                                    [1;38;5;203m^[0m
[38;5;242m  └─[0m

[38;5;242m  issue #[0m[38;5;220m272[0m · [38;5;242mUndefined variable 'c'[0m
[38;5;242m  ┌─ [0mtest_lexer.nux:702:15
[38;5;242m  │[0m
[38;5;242m  │[0m [38;5;242m702[0m[38;5;242m ┊[0m          if (c == ';') { this.advance_pos(); this.set_tk(TK_SEMICOLON); return 0; }
[38;5;242m  │[0m                    [1;38;5;203m^[0m
[38;5;242m  └─[0m

[38;5;242m  issue #[0m[38;5;220m273[0m · [38;5;242mUndefined variable 'this'[0m
[38;5;242m  ┌─ [0mtest_lexer.nux:702:56
[38;5;242m  │[0m
[38;5;242m  │[0m [38;5;242m702[0m[38;5;242m ┊[0m          if (c == ';') { this.advance_pos(); this.set_tk(TK_SEMICOLON); return 0; }
[38;5;242m  │[0m                                                             [1;38;5;203m^[0m
[38;5;242m  └─[0m

[38;5;242m  issue #[0m[38;5;220m274[0m · [38;5;242mUnexpected token at top level: RBrace[0m
[38;5;242m  ┌─ [0mtest_lexer.nux:702:82
[38;5;242m  │[0m
[38;5;242m  │[0m [38;5;242m702[0m[38;5;242m ┊[0m          if (c == ';') { this.advance_pos(); this.set_tk(TK_SEMICOLON); return 0; }
[38;5;242m  │[0m                                                                                       [1;38;5;203m^[0m
[38;5;242m  └─[0m

[38;5;242m  issue #[0m[38;5;220m275[0m · [38;5;242mUndefined variable 'c'[0m
[38;5;242m  ┌─ [0mtest_lexer.nux:703:15
[38;5;242m  │[0m
[38;5;242m  │[0m [38;5;242m703[0m[38;5;242m ┊[0m          if (c == '.') { this.advance_pos(); this.set_tk(TK_DOT); return 0; }
[38;5;242m  │[0m                    [1;38;5;203m^[0m
[38;5;242m  └─[0m

[38;5;242m  issue #[0m[38;5;220m276[0m · [38;5;242mUndefined variable 'this'[0m
[38;5;242m  ┌─ [0mtest_lexer.nux:703:56
[38;5;242m  │[0m
[38;5;242m  │[0m [38;5;242m703[0m[38;5;242m ┊[0m          if (c == '.') { this.advance_pos(); this.set_tk(TK_DOT); return 0; }
[38;5;242m  │[0m                                                             [1;38;5;203m^[0m
[38;5;242m  └─[0m

[38;5;242m  issue #[0m[38;5;220m277[0m · [38;5;242mUnexpected token at top level: RBrace[0m
[38;5;242m  ┌─ [0mtest_lexer.nux:703:76
[38;5;242m  │[0m
[38;5;242m  │[0m [38;5;242m703[0m[38;5;242m ┊[0m          if (c == '.') { this.advance_pos(); this.set_tk(TK_DOT); return 0; }
[38;5;242m  │[0m                                                                                 [1;38;5;203m^[0m
[38;5;242m  └─[0m

[38;5;242m  issue #[0m[38;5;220m278[0m · [38;5;242mUndefined variable 'c'[0m
[38;5;242m  ┌─ [0mtest_lexer.nux:704:15
[38;5;242m  │[0m
[38;5;242m  │[0m [38;5;242m704[0m[38;5;242m ┊[0m          if (c == ',') { this.advance_pos(); this.set_tk(TK_COMMA); return 0; }
[38;5;242m  │[0m                    [1;38;5;203m^[0m
[38;5;242m  └─[0m

[38;5;242m  issue #[0m[38;5;220m279[0m · [38;5;242mUndefined variable 'this'[0m
[38;5;242m  ┌─ [0mtest_lexer.nux:704:56
[38;5;242m  │[0m
[38;5;242m  │[0m [38;5;242m704[0m[38;5;242m ┊[0m          if (c == ',') { this.advance_pos(); this.set_tk(TK_COMMA); return 0; }
[38;5;242m  │[0m                                                             [1;38;5;203m^[0m
[38;5;242m  └─[0m

[38;5;242m  issue #[0m[38;5;220m280[0m · [38;5;242mUnexpected token at top level: RBrace[0m
[38;5;242m  ┌─ [0mtest_lexer.nux:704:78
[38;5;242m  │[0m
[38;5;242m  │[0m [38;5;242m704[0m[38;5;242m ┊[0m          if (c == ',') { this.advance_pos(); this.set_tk(TK_COMMA); return 0; }
[38;5;242m  │[0m                                                                                   [1;38;5;203m^[0m
[38;5;242m  └─[0m

[38;5;242m  issue #[0m[38;5;220m281[0m · [38;5;242mUndefined variable 'c'[0m
[38;5;242m  ┌─ [0mtest_lexer.nux:705:15
[38;5;242m  │[0m
[38;5;242m  │[0m [38;5;242m705[0m[38;5;242m ┊[0m          if (c == '@') { this.advance_pos(); this.set_tk(TK_AT); return 0; }
[38;5;242m  │[0m                    [1;38;5;203m^[0m
[38;5;242m  └─[0m

[38;5;242m  issue #[0m[38;5;220m282[0m · [38;5;242mUndefined variable 'this'[0m
[38;5;242m  ┌─ [0mtest_lexer.nux:705:56
[38;5;242m  │[0m
[38;5;242m  │[0m [38;5;242m705[0m[38;5;242m ┊[0m          if (c == '@') { this.advance_pos(); this.set_tk(TK_AT); return 0; }
[38;5;242m  │[0m                                                             [1;38;5;203m^[0m
[38;5;242m  └─[0m

[38;5;242m  issue #[0m[38;5;220m283[0m · [38;5;242mUnexpected token at top level: RBrace[0m
[38;5;242m  ┌─ [0mtest_lexer.nux:705:75
[38;5;242m  │[0m
[38;5;242m  │[0m [38;5;242m705[0m[38;5;242m ┊[0m          if (c == '@') { this.advance_pos(); this.set_tk(TK_AT); return 0; }
[38;5;242m  │[0m                                                                                [1;38;5;203m^[0m
[38;5;242m  └─[0m

[38;5;242m  issue #[0m[38;5;220m284[0m · [38;5;242mUndefined variable 'c'[0m
[38;5;242m  ┌─ [0mtest_lexer.nux:707:15
[38;5;242m  │[0m
[38;5;242m  │[0m [38;5;242m707[0m[38;5;242m ┊[0m          if (c == '*') {
[38;5;242m  │[0m                    [1;38;5;203m^[0m
[38;5;242m  └─[0m

[38;5;242m  issue #[0m[38;5;220m285[0m · [38;5;242mUndefined variable 'this'[0m
[38;5;242m  ┌─ [0mtest_lexer.nux:709:21
[38;5;242m  │[0m
[38;5;242m  │[0m [38;5;242m709[0m[38;5;242m ┊[0m              if (this.cur() == '*') {
[38;5;242m  │[0m                          [1;38;5;203m^[0m
[38;5;242m  └─[0m

[38;5;242m  issue #[0m[38;5;220m286[0m · [38;5;242mUndefined variable 'this'[0m
[38;5;242m  ┌─ [0mtest_lexer.nux:711:28
[38;5;242m  │[0m
[38;5;242m  │[0m [38;5;242m711[0m[38;5;242m ┊[0m                  this.set_tk(TK_STAR_STAR);
[38;5;242m  │[0m                                 [1;38;5;203m^[0m
[38;5;242m  └─[0m

[38;5;242m  issue #[0m[38;5;220m287[0m · [38;5;242mUnexpected token at top level: RBrace[0m
[38;5;242m  ┌─ [0mtest_lexer.nux:712:13
[38;5;242m  │[0m
[38;5;242m  │[0m [38;5;242m712[0m[38;5;242m ┊[0m              } else {
[38;5;242m  │[0m                  [1;38;5;203m^[0m
[38;5;242m  └─[0m

[38;5;242m  issue #[0m[38;5;220m288[0m · [38;5;242mUnexpected token at top level: Else[0m
[38;5;242m  ┌─ [0mtest_lexer.nux:712:15
[38;5;242m  │[0m
[38;5;242m  │[0m [38;5;242m712[0m[38;5;242m ┊[0m              } else {
[38;5;242m  │[0m                    [1;38;5;203m^[0m
[38;5;242m  └─[0m

[38;5;242m  issue #[0m[38;5;220m289[0m · [38;5;242mUndefined variable 'this'[0m
[38;5;242m  ┌─ [0mtest_lexer.nux:713:28
[38;5;242m  │[0m
[38;5;242m  │[0m [38;5;242m713[0m[38;5;242m ┊[0m                  this.set_tk(TK_STAR);
[38;5;242m  │[0m                                 [1;38;5;203m^[0m
[38;5;242m  └─[0m

[38;5;242m  issue #[0m[38;5;220m290[0m · [38;5;242mUnexpected token at top level: RBrace[0m
[38;5;242m  ┌─ [0mtest_lexer.nux:716:9
[38;5;242m  │[0m
[38;5;242m  │[0m [38;5;242m716[0m[38;5;242m ┊[0m          }
[38;5;242m  │[0m              [1;38;5;203m^[0m
[38;5;242m  └─[0m

[38;5;242m  issue #[0m[38;5;220m291[0m · [38;5;242mUndefined variable 'c'[0m
[38;5;242m  ┌─ [0mtest_lexer.nux:718:15
[38;5;242m  │[0m
[38;5;242m  │[0m [38;5;242m718[0m[38;5;242m ┊[0m          if (c == '=') {
[38;5;242m  │[0m                    [1;38;5;203m^[0m
[38;5;242m  └─[0m

[38;5;242m  issue #[0m[38;5;220m292[0m · [38;5;242mUndefined variable 'this'[0m
[38;5;242m  ┌─ [0mtest_lexer.nux:720:21
[38;5;242m  │[0m
[38;5;242m  │[0m [38;5;242m720[0m[38;5;242m ┊[0m              if (this.cur() == '=') { this.advance_pos(); this.set_tk(TK_EQ_EQ); return 0; }
[38;5;242m  │[0m                          [1;38;5;203m^[0m
[38;5;242m  └─[0m

[38;5;242m  issue #[0m[38;5;220m293[0m · [38;5;242mUndefined variable 'this'[0m
[38;5;242m  ┌─ [0mtest_lexer.nux:720:69
[38;5;242m  │[0m
[38;5;242m  │[0m [38;5;242m720[0m[38;5;242m ┊[0m              if (this.cur() == '=') { this.advance_pos(); this.set_tk(TK_EQ_EQ); return 0; }
[38;5;242m  │[0m                                                                          [1;38;5;203m^[0m
[38;5;242m  └─[0m

[38;5;242m  issue #[0m[38;5;220m294[0m · [38;5;242mUnexpected token at top level: RBrace[0m
[38;5;242m  ┌─ [0mtest_lexer.nux:720:91
[38;5;242m  │[0m
[38;5;242m  │[0m [38;5;242m720[0m[38;5;242m ┊[0m              if (this.cur() == '=') { this.advance_pos(); this.set_tk(TK_EQ_EQ); return 0; }
[38;5;242m  │[0m                                                                                                [1;38;5;203m^[0m
[38;5;242m  └─[0m

[38;5;242m  issue #[0m[38;5;220m295[0m · [38;5;242mUndefined variable 'this'[0m
[38;5;242m  ┌─ [0mtest_lexer.nux:721:21
[38;5;242m  │[0m
[38;5;242m  │[0m [38;5;242m721[0m[38;5;242m ┊[0m              if (this.cur() == '>') { this.advance_pos(); this.set_tk(TK_FAT_ARROW); return 0; }
[38;5;242m  │[0m                          [1;38;5;203m^[0m
[38;5;242m  └─[0m

[38;5;242m  issue #[0m[38;5;220m296[0m · [38;5;242mUndefined variable 'this'[0m
[38;5;242m  ┌─ [0mtest_lexer.nux:721:69
[38;5;242m  │[0m
[38;5;242m  │[0m [38;5;242m721[0m[38;5;242m ┊[0m              if (this.cur() == '>') { this.advance_pos(); this.set_tk(TK_FAT_ARROW); return 0; }
[38;5;242m  │[0m                                                                          [1;38;5;203m^[0m
[38;5;242m  └─[0m

[38;5;242m  issue #[0m[38;5;220m297[0m · [38;5;242mUnexpected token at top level: RBrace[0m
[38;5;242m  ┌─ [0mtest_lexer.nux:721:95
[38;5;242m  │[0m
[38;5;242m  │[0m [38;5;242m721[0m[38;5;242m ┊[0m              if (this.cur() == '>') { this.advance_pos(); this.set_tk(TK_FAT_ARROW); return 0; }
[38;5;242m  │[0m                                                                                                    [1;38;5;203m^[0m
[38;5;242m  └─[0m

[38;5;242m  issue #[0m[38;5;220m298[0m · [38;5;242mUndefined variable 'this'[0m
[38;5;242m  ┌─ [0mtest_lexer.nux:722:24
[38;5;242m  │[0m
[38;5;242m  │[0m [38;5;242m722[0m[38;5;242m ┊[0m              this.set_tk(TK_EQ);
[38;5;242m  │[0m                             [1;38;5;203m^[0m
[38;5;242m  └─[0m

[38;5;242m  issue #[0m[38;5;220m299[0m · [38;5;242mUnexpected token at top level: RBrace[0m
[38;5;242m  ┌─ [0mtest_lexer.nux:724:9
[38;5;242m  │[0m
[38;5;242m  │[0m [38;5;242m724[0m[38;5;242m ┊[0m          }
[38;5;242m  │[0m              [1;38;5;203m^[0m
[38;5;242m  └─[0m

[38;5;242m  issue #[0m[38;5;220m300[0m · [38;5;242mUndefined variable 'c'[0m
[38;5;242m  ┌─ [0mtest_lexer.nux:726:15
[38;5;242m  │[0m
[38;5;242m  │[0m [38;5;242m726[0m[38;5;242m ┊[0m          if (c == ':') {
[38;5;242m  │[0m                    [1;38;5;203m^[0m
[38;5;242m  └─[0m

[38;5;242m  issue #[0m[38;5;220m301[0m · [38;5;242mUndefined variable 'this'[0m
[38;5;242m  ┌─ [0mtest_lexer.nux:728:21
[38;5;242m  │[0m
[38;5;242m  │[0m [38;5;242m728[0m[38;5;242m ┊[0m              if (this.cur() == '=') { this.advance_pos(); this.set_tk(TK_COLON_EQ); return 0; }
[38;5;242m  │[0m                          [1;38;5;203m^[0m
[38;5;242m  └─[0m

[38;5;242m  issue #[0m[38;5;220m302[0m · [38;5;242mUndefined variable 'this'[0m
[38;5;242m  ┌─ [0mtest_lexer.nux:728:69
[38;5;242m  │[0m
[38;5;242m  │[0m [38;5;242m728[0m[38;5;242m ┊[0m              if (this.cur() == '=') { this.advance_pos(); this.set_tk(TK_COLON_EQ); return 0; }
[38;5;242m  │[0m                                                                          [1;38;5;203m^[0m
[38;5;242m  └─[0m

[38;5;242m  issue #[0m[38;5;220m303[0m · [38;5;242mUnexpected token at top level: RBrace[0m
[38;5;242m  ┌─ [0mtest_lexer.nux:728:94
[38;5;242m  │[0m
[38;5;242m  │[0m [38;5;242m728[0m[38;5;242m ┊[0m              if (this.cur() == '=') { this.advance_pos(); this.set_tk(TK_COLON_EQ); return 0; }
[38;5;242m  │[0m                                                                                                   [1;38;5;203m^[0m
[38;5;242m  └─[0m

[38;5;242m  issue #[0m[38;5;220m304[0m · [38;5;242mUndefined variable 'this'[0m
[38;5;242m  ┌─ [0mtest_lexer.nux:729:21
[38;5;242m  │[0m
[38;5;242m  │[0m [38;5;242m729[0m[38;5;242m ┊[0m              if (this.cur() == ':') { this.advance_pos(); this.set_tk(TK_COLON_COLON); return 0; }
[38;5;242m  │[0m                          [1;38;5;203m^[0m
[38;5;242m  └─[0m

[38;5;242m  issue #[0m[38;5;220m305[0m · [38;5;242mUndefined variable 'this'[0m
[38;5;242m  ┌─ [0mtest_lexer.nux:729:69
[38;5;242m  │[0m
[38;5;242m  │[0m [38;5;242m729[0m[38;5;242m ┊[0m              if (this.cur() == ':') { this.advance_pos(); this.set_tk(TK_COLON_COLON); return 0; }
[38;5;242m  │[0m                                                                          [1;38;5;203m^[0m
[38;5;242m  └─[0m

[38;5;242m  issue #[0m[38;5;220m306[0m · [38;5;242mUnexpected token at top level: RBrace[0m
[38;5;242m  ┌─ [0mtest_lexer.nux:729:97
[38;5;242m  │[0m
[38;5;242m  │[0m [38;5;242m729[0m[38;5;242m ┊[0m              if (this.cur() == ':') { this.advance_pos(); this.set_tk(TK_COLON_COLON); return 0; }
[38;5;242m  │[0m                                                                                                      [1;38;5;203m^[0m
[38;5;242m  └─[0m

[38;5;242m  issue #[0m[38;5;220m307[0m · [38;5;242mUndefined variable 'this'[0m
[38;5;242m  ┌─ [0mtest_lexer.nux:730:24
[38;5;242m  │[0m
[38;5;242m  │[0m [38;5;242m730[0m[38;5;242m ┊[0m              this.set_tk(TK_COLON);
[38;5;242m  │[0m                             [1;38;5;203m^[0m
[38;5;242m  └─[0m

[38;5;242m  issue #[0m[38;5;220m308[0m · [38;5;242mUnexpected token at top level: RBrace[0m
[38;5;242m  ┌─ [0mtest_lexer.nux:732:9
[38;5;242m  │[0m
[38;5;242m  │[0m [38;5;242m732[0m[38;5;242m ┊[0m          }
[38;5;242m  │[0m              [1;38;5;203m^[0m
[38;5;242m  └─[0m

[38;5;242m  issue #[0m[38;5;220m309[0m · [38;5;242mUndefined variable 'c'[0m
[38;5;242m  ┌─ [0mtest_lexer.nux:734:15
[38;5;242m  │[0m
[38;5;242m  │[0m [38;5;242m734[0m[38;5;242m ┊[0m          if (c == '/') {
[38;5;242m  │[0m                    [1;38;5;203m^[0m
[38;5;242m  └─[0m

[38;5;242m  issue #[0m[38;5;220m310[0m · [38;5;242mUndefined variable 'this'[0m
[38;5;242m  ┌─ [0mtest_lexer.nux:736:21
[38;5;242m  │[0m
[38;5;242m  │[0m [38;5;242m736[0m[38;5;242m ┊[0m              if (this.cur() == '/') {
[38;5;242m  │[0m                          [1;38;5;203m^[0m
[38;5;242m  └─[0m

[38;5;242m  issue #[0m[38;5;220m311[0m · [38;5;242mUndefined variable 'this'[0m
[38;5;242m  ┌─ [0mtest_lexer.nux:738:30
[38;5;242m  │[0m
[38;5;242m  │[0m [38;5;242m738[0m[38;5;242m ┊[0m                  var nc = this.cur();
[38;5;242m  │[0m                                   [1;38;5;203m^[0m
[38;5;242m  └─[0m

[38;5;242m  issue #[0m[38;5;220m312[0m · [38;5;242mUndefined variable 'this'[0m
[38;5;242m  ┌─ [0mtest_lexer.nux:740:25
[38;5;242m  │[0m
[38;5;242m  │[0m [38;5;242m740[0m[38;5;242m ┊[0m                  if (this.pos >= this.length) { is_comment = 1; }
[38;5;242m  │[0m                              [1;38;5;203m^[0m
[38;5;242m  └─[0m

[38;5;242m  issue #[0m[38;5;220m313[0m · [38;5;242mUnexpected token at top level: RBrace[0m
[38;5;242m  ┌─ [0mtest_lexer.nux:740:64
[38;5;242m  │[0m
[38;5;242m  │[0m [38;5;242m740[0m[38;5;242m ┊[0m                  if (this.pos >= this.length) { is_comment = 1; }
[38;5;242m  │[0m                                                                     [1;38;5;203m^[0m
[38;5;242m  └─[0m

[38;5;242m  issue #[0m[38;5;220m314[0m · [38;5;242mUndefined variable 'nc'[0m
[38;5;242m  ┌─ [0mtest_lexer.nux:741:24
[38;5;242m  │[0m
[38;5;242m  │[0m [38;5;242m741[0m[38;5;242m ┊[0m                  if (nc == ' ') { is_comment = 1; }
[38;5;242m  │[0m                             [1;38;5;203m^[0m
[38;5;242m  └─[0m

[38;5;242m  issue #[0m[38;5;220m315[0m · [38;5;242mUnexpected token at top level: RBrace[0m
[38;5;242m  ┌─ [0mtest_lexer.nux:741:50
[38;5;242m  │[0m
[38;5;242m  │[0m [38;5;242m741[0m[38;5;242m ┊[0m                  if (nc == ' ') { is_comment = 1; }
[38;5;242m  │[0m                                                       [1;38;5;203m^[0m
[38;5;242m  └─[0m

[38;5;242m  issue #[0m[38;5;220m316[0m · [38;5;242mUndefined variable 'nc'[0m
[38;5;242m  ┌─ [0mtest_lexer.nux:742:24
[38;5;242m  │[0m
[38;5;242m  │[0m [38;5;242m742[0m[38;5;242m ┊[0m                  if (nc == 9) { is_comment = 1; }
[38;5;242m  │[0m                             [1;38;5;203m^[0m
[38;5;242m  └─[0m

[38;5;242m  issue #[0m[38;5;220m317[0m · [38;5;242mUnexpected token at top level: RBrace[0m
[38;5;242m  ┌─ [0mtest_lexer.nux:742:48
[38;5;242m  │[0m
[38;5;242m  │[0m [38;5;242m742[0m[38;5;242m ┊[0m                  if (nc == 9) { is_comment = 1; }
[38;5;242m  │[0m                                                     [1;38;5;203m^[0m
[38;5;242m  └─[0m

[38;5;242m  issue #[0m[38;5;220m318[0m · [38;5;242mUndefined variable 'nc'[0m
[38;5;242m  ┌─ [0mtest_lexer.nux:743:24
[38;5;242m  │[0m
[38;5;242m  │[0m [38;5;242m743[0m[38;5;242m ┊[0m                  if (nc == 13) { is_comment = 1; }
[38;5;242m  │[0m                             [1;38;5;203m^[0m
[38;5;242m  └─[0m

[38;5;242m  issue #[0m[38;5;220m319[0m · [38;5;242mUnexpected token at top level: RBrace[0m
[38;5;242m  ┌─ [0mtest_lexer.nux:743:49
[38;5;242m  │[0m
[38;5;242m  │[0m [38;5;242m743[0m[38;5;242m ┊[0m                  if (nc == 13) { is_comment = 1; }
[38;5;242m  │[0m                                                      [1;38;5;203m^[0m
[38;5;242m  └─[0m

[38;5;242m  issue #[0m[38;5;220m320[0m · [38;5;242mUndefined variable 'nc'[0m
[38;5;242m  ┌─ [0mtest_lexer.nux:744:24
[38;5;242m  │[0m
[38;5;242m  │[0m [38;5;242m744[0m[38;5;242m ┊[0m                  if (nc == 10) { is_comment = 1; }
[38;5;242m  │[0m                             [1;38;5;203m^[0m
[38;5;242m  └─[0m

[38;5;242m  issue #[0m[38;5;220m321[0m · [38;5;242mUnexpected token at top level: RBrace[0m
[38;5;242m  ┌─ [0mtest_lexer.nux:744:49
[38;5;242m  │[0m
[38;5;242m  │[0m [38;5;242m744[0m[38;5;242m ┊[0m                  if (nc == 10) { is_comment = 1; }
[38;5;242m  │[0m                                                      [1;38;5;203m^[0m
[38;5;242m  └─[0m

[38;5;242m  issue #[0m[38;5;220m322[0m · [38;5;242mUndefined variable 'nc'[0m
[38;5;242m  ┌─ [0mtest_lexer.nux:745:36
[38;5;242m  │[0m
[38;5;242m  │[0m [38;5;242m745[0m[38;5;242m ┊[0m                  if (lex_is_alpha(nc) == 1) { is_comment = 1; }
[38;5;242m  │[0m                                         [1;38;5;203m^[0m
[38;5;242m  └─[0m

[38;5;242m  issue #[0m[38;5;220m323[0m · [38;5;242mUnexpected token at top level: RBrace[0m
[38;5;242m  ┌─ [0mtest_lexer.nux:745:62
[38;5;242m  │[0m
[38;5;242m  │[0m [38;5;242m745[0m[38;5;242m ┊[0m                  if (lex_is_alpha(nc) == 1) { is_comment = 1; }
[38;5;242m  │[0m                                                                   [1;38;5;203m^[0m
[38;5;242m  └─[0m

[38;5;242m  issue #[0m[38;5;220m324[0m · [38;5;242mUndefined variable 'nc'[0m
[38;5;242m  ┌─ [0mtest_lexer.nux:746:24
[38;5;242m  │[0m
[38;5;242m  │[0m [38;5;242m746[0m[38;5;242m ┊[0m                  if (nc == '/') { is_comment = 1; }
[38;5;242m  │[0m                             [1;38;5;203m^[0m
[38;5;242m  └─[0m

[38;5;242m  issue #[0m[38;5;220m325[0m · [38;5;242mUnexpected token at top level: RBrace[0m
[38;5;242m  ┌─ [0mtest_lexer.nux:746:50
[38;5;242m  │[0m
[38;5;242m  │[0m [38;5;242m746[0m[38;5;242m ┊[0m                  if (nc == '/') { is_comment = 1; }
[38;5;242m  │[0m                                                       [1;38;5;203m^[0m
[38;5;242m  └─[0m

[38;5;242m  issue #[0m[38;5;220m326[0m · [38;5;242mUndefined variable 'nc'[0m
[38;5;242m  ┌─ [0mtest_lexer.nux:747:24
[38;5;242m  │[0m
[38;5;242m  │[0m [38;5;242m747[0m[38;5;242m ┊[0m                  if (nc == '!') { is_comment = 1; }
[38;5;242m  │[0m                             [1;38;5;203m^[0m
[38;5;242m  └─[0m

[38;5;242m  issue #[0m[38;5;220m327[0m · [38;5;242mUnexpected token at top level: RBrace[0m
[38;5;242m  ┌─ [0mtest_lexer.nux:747:50
[38;5;242m  │[0m
[38;5;242m  │[0m [38;5;242m747[0m[38;5;242m ┊[0m                  if (nc == '!') { is_comment = 1; }
[38;5;242m  │[0m                                                       [1;38;5;203m^[0m
[38;5;242m  └─[0m

[38;5;242m  issue #[0m[38;5;220m328[0m · [38;5;242mUndefined variable 'nc'[0m
[38;5;242m  ┌─ [0mtest_lexer.nux:748:24
[38;5;242m  │[0m
[38;5;242m  │[0m [38;5;242m748[0m[38;5;242m ┊[0m                  if (nc == '*') { is_comment = 1; }
[38;5;242m  │[0m                             [1;38;5;203m^[0m
[38;5;242m  └─[0m

[38;5;242m  issue #[0m[38;5;220m329[0m · [38;5;242mUnexpected token at top level: RBrace[0m
[38;5;242m  ┌─ [0mtest_lexer.nux:748:50
[38;5;242m  │[0m
[38;5;242m  │[0m [38;5;242m748[0m[38;5;242m ┊[0m                  if (nc == '*') { is_comment = 1; }
[38;5;242m  │[0m                                                       [1;38;5;203m^[0m
[38;5;242m  └─[0m

[38;5;242m  issue #[0m[38;5;220m330[0m · [38;5;242mUndefined variable 'this'[0m
[38;5;242m  ┌─ [0mtest_lexer.nux:751:32
[38;5;242m  │[0m
[38;5;242m  │[0m [38;5;242m751[0m[38;5;242m ┊[0m                      while (this.pos < this.length) {
[38;5;242m  │[0m                                     [1;38;5;203m^[0m
[38;5;242m  └─[0m

[38;5;242m  issue #[0m[38;5;220m331[0m · [38;5;242mUndefined variable 'this'[0m
[38;5;242m  ┌─ [0mtest_lexer.nux:752:33
[38;5;242m  │[0m
[38;5;242m  │[0m [38;5;242m752[0m[38;5;242m ┊[0m                          if (this.cur() == 10) { break; }
[38;5;242m  │[0m                                      [1;38;5;203m^[0m
[38;5;242m  └─[0m

[38;5;242m  issue #[0m[38;5;220m332[0m · [38;5;242mUndefined variable 'this'[0m
[38;5;242m  ┌─ [0mtest_lexer.nux:753:41
[38;5;242m  │[0m
[38;5;242m  │[0m [38;5;242m753[0m[38;5;242m ┊[0m                          this.advance_pos();
[38;5;242m  │[0m                                              [1;38;5;203m^[0m
[38;5;242m  └─[0m

[38;5;242m  issue #[0m[38;5;220m333[0m · [38;5;242mUnexpected token at top level: RBrace[0m
[38;5;242m  ┌─ [0mtest_lexer.nux:754:21
[38;5;242m  │[0m
[38;5;242m  │[0m [38;5;242m754[0m[38;5;242m ┊[0m                      }
[38;5;242m  │[0m                          [1;38;5;203m^[0m
[38;5;242m  └─[0m

[38;5;242m  issue #[0m[38;5;220m334[0m · [38;5;242mUndefined variable 'this'[0m
[38;5;242m  ┌─ [0mtest_lexer.nux:755:36
[38;5;242m  │[0m
[38;5;242m  │[0m [38;5;242m755[0m[38;5;242m ┊[0m                      this.next_token();
[38;5;242m  │[0m                                         [1;38;5;203m^[0m
[38;5;242m  └─[0m

[38;5;242m  issue #[0m[38;5;220m335[0m · [38;5;242mUnexpected token at top level: RBrace[0m
[38;5;242m  ┌─ [0mtest_lexer.nux:757:17
[38;5;242m  │[0m
[38;5;242m  │[0m [38;5;242m757[0m[38;5;242m ┊[0m                  } else {
[38;5;242m  │[0m                      [1;38;5;203m^[0m
[38;5;242m  └─[0m

[38;5;242m  issue #[0m[38;5;220m336[0m · [38;5;242mUnexpected token at top level: Else[0m
[38;5;242m  ┌─ [0mtest_lexer.nux:757:19
[38;5;242m  │[0m
[38;5;242m  │[0m [38;5;242m757[0m[38;5;242m ┊[0m                  } else {
[38;5;242m  │[0m                        [1;38;5;203m^[0m
[38;5;242m  └─[0m

[38;5;242m  issue #[0m[38;5;220m337[0m · [38;5;242mUndefined variable 'this'[0m
[38;5;242m  ┌─ [0mtest_lexer.nux:758:32
[38;5;242m  │[0m
[38;5;242m  │[0m [38;5;242m758[0m[38;5;242m ┊[0m                      this.set_tk(TK_SLASH_SLASH);
[38;5;242m  │[0m                                     [1;38;5;203m^[0m
[38;5;242m  └─[0m

[38;5;242m  issue #[0m[38;5;220m338[0m · [38;5;242mUnexpected token at top level: RBrace[0m
[38;5;242m  ┌─ [0mtest_lexer.nux:761:13
[38;5;242m  │[0m
[38;5;242m  │[0m [38;5;242m761[0m[38;5;242m ┊[0m              }
[38;5;242m  │[0m                  [1;38;5;203m^[0m
[38;5;242m  └─[0m

[38;5;242m  issue #[0m[38;5;220m339[0m · [38;5;242mUndefined variable 'this'[0m
[38;5;242m  ┌─ [0mtest_lexer.nux:762:24
[38;5;242m  │[0m
[38;5;242m  │[0m [38;5;242m762[0m[38;5;242m ┊[0m              this.set_tk(TK_SLASH);
[38;5;242m  │[0m                             [1;38;5;203m^[0m
[38;5;242m  └─[0m

[38;5;242m  issue #[0m[38;5;220m340[0m · [38;5;242mUnexpected token at top level: RBrace[0m
[38;5;242m  ┌─ [0mtest_lexer.nux:764:9
[38;5;242m  │[0m
[38;5;242m  │[0m [38;5;242m764[0m[38;5;242m ┊[0m          }
[38;5;242m  │[0m              [1;38;5;203m^[0m
[38;5;242m  └─[0m

[38;5;242m  issue #[0m[38;5;220m341[0m · [38;5;242mUndefined variable 'c'[0m
[38;5;242m  ┌─ [0mtest_lexer.nux:766:15
[38;5;242m  │[0m
[38;5;242m  │[0m [38;5;242m766[0m[38;5;242m ┊[0m          if (c == '#') {
[38;5;242m  │[0m                    [1;38;5;203m^[0m
[38;5;242m  └─[0m

[38;5;242m  issue #[0m[38;5;220m342[0m · [38;5;242mUndefined variable 'this'[0m
[38;5;242m  ┌─ [0mtest_lexer.nux:768:21
[38;5;242m  │[0m
[38;5;242m  │[0m [38;5;242m768[0m[38;5;242m ┊[0m              if (this.cur() == '*') {
[38;5;242m  │[0m                          [1;38;5;203m^[0m
[38;5;242m  └─[0m

[38;5;242m  issue #[0m[38;5;220m343[0m · [38;5;242mUndefined variable 'this'[0m
[38;5;242m  ┌─ [0mtest_lexer.nux:771:28
[38;5;242m  │[0m
[38;5;242m  │[0m [38;5;242m771[0m[38;5;242m ┊[0m                  while (this.pos < this.length) {
[38;5;242m  │[0m                                 [1;38;5;203m^[0m
[38;5;242m  └─[0m

[38;5;242m  issue #[0m[38;5;220m344[0m · [38;5;242mUndefined variable 'this'[0m
[38;5;242m  ┌─ [0mtest_lexer.nux:773:29
[38;5;242m  │[0m
[38;5;242m  │[0m [38;5;242m773[0m[38;5;242m ┊[0m                      if (this.cur() == '#') {
[38;5;242m  │[0m                                  [1;38;5;203m^[0m
[38;5;242m  └─[0m

[38;5;242m  issue #[0m[38;5;220m345[0m · [38;5;242mUndefined variable 'this'[0m
[38;5;242m  ┌─ [0mtest_lexer.nux:775:33
[38;5;242m  │[0m
[38;5;242m  │[0m [38;5;242m775[0m[38;5;242m ┊[0m                          if (this.pos < this.length) {
[38;5;242m  │[0m                                      [1;38;5;203m^[0m
[38;5;242m  └─[0m

[38;5;242m  issue #[0m[38;5;220m346[0m · [38;5;242mUndefined variable 'this'[0m
[38;5;242m  ┌─ [0mtest_lexer.nux:776:37
[38;5;242m  │[0m
[38;5;242m  │[0m [38;5;242m776[0m[38;5;242m ┊[0m                              if (this.cur() == '*') {
[38;5;242m  │[0m                                          [1;38;5;203m^[0m
[38;5;242m  └─[0m

[38;5;242m  issue #[0m[38;5;220m347[0m · [38;5;242mUndefined variable 'this'[0m
[38;5;242m  ┌─ [0mtest_lexer.nux:778:49
[38;5;242m  │[0m
[38;5;242m  │[0m [38;5;242m778[0m[38;5;242m ┊[0m                                  this.advance_pos();
[38;5;242m  │[0m                                                      [1;38;5;203m^[0m
[38;5;242m  └─[0m

[38;5;242m  issue #[0m[38;5;220m348[0m · [38;5;242mUnexpected token at top level: RBrace[0m
[38;5;242m  ┌─ [0mtest_lexer.nux:779:29
[38;5;242m  │[0m
[38;5;242m  │[0m [38;5;242m779[0m[38;5;242m ┊[0m                              }
[38;5;242m  │[0m                                  [1;38;5;203m^[0m
[38;5;242m  └─[0m

[38;5;242m  issue #[0m[38;5;220m349[0m · [38;5;242mUnexpected token at top level: RBrace[0m
[38;5;242m  ┌─ [0mtest_lexer.nux:780:25
[38;5;242m  │[0m
[38;5;242m  │[0m [38;5;242m780[0m[38;5;242m ┊[0m                          }
[38;5;242m  │[0m                              [1;38;5;203m^[0m
[38;5;242m  └─[0m

[38;5;242m  issue #[0m[38;5;220m350[0m · [38;5;242mUnexpected token at top level: RBrace[0m
[38;5;242m  ┌─ [0mtest_lexer.nux:781:21
[38;5;242m  │[0m
[38;5;242m  │[0m [38;5;242m781[0m[38;5;242m ┊[0m                      } else {
[38;5;242m  │[0m                          [1;38;5;203m^[0m
[38;5;242m  └─[0m

[38;5;242m  issue #[0m[38;5;220m351[0m · [38;5;242mUnexpected token at top level: Else[0m
[38;5;242m  ┌─ [0mtest_lexer.nux:781:23
[38;5;242m  │[0m
[38;5;242m  │[0m [38;5;242m781[0m[38;5;242m ┊[0m                      } else {
[38;5;242m  │[0m                            [1;38;5;203m^[0m
[38;5;242m  └─[0m

[38;5;242m  issue #[0m[38;5;220m352[0m · [38;5;242mUndefined variable 'this'[0m
[38;5;242m  ┌─ [0mtest_lexer.nux:782:33
[38;5;242m  │[0m
[38;5;242m  │[0m [38;5;242m782[0m[38;5;242m ┊[0m                          if (this.cur() == '*') {
[38;5;242m  │[0m                                      [1;38;5;203m^[0m
[38;5;242m  └─[0m

[38;5;242m  issue #[0m[38;5;220m353[0m · [38;5;242mUndefined variable 'this'[0m
[38;5;242m  ┌─ [0mtest_lexer.nux:784:37
[38;5;242m  │[0m
[38;5;242m  │[0m [38;5;242m784[0m[38;5;242m ┊[0m                              if (this.pos < this.length) {
[38;5;242m  │[0m                                          [1;38;5;203m^[0m
[38;5;242m  └─[0m

[38;5;242m  issue #[0m[38;5;220m354[0m · [38;5;242mUndefined variable 'this'[0m
[38;5;242m  ┌─ [0mtest_lexer.nux:785:41
[38;5;242m  │[0m
[38;5;242m  │[0m [38;5;242m785[0m[38;5;242m ┊[0m                                  if (this.cur() == '#') {
[38;5;242m  │[0m                                              [1;38;5;203m^[0m
[38;5;242m  └─[0m

[38;5;242m  issue #[0m[38;5;220m355[0m · [38;5;242mUndefined variable 'this'[0m
[38;5;242m  ┌─ [0mtest_lexer.nux:787:53
[38;5;242m  │[0m
[38;5;242m  │[0m [38;5;242m787[0m[38;5;242m ┊[0m                                      this.advance_pos();
[38;5;242m  │[0m                                                          [1;38;5;203m^[0m
[38;5;242m  └─[0m

[38;5;242m  issue #[0m[38;5;220m356[0m · [38;5;242mUnexpected token at top level: RBrace[0m
[38;5;242m  ┌─ [0mtest_lexer.nux:789:29
[38;5;242m  │[0m
[38;5;242m  │[0m [38;5;242m789[0m[38;5;242m ┊[0m                              }
[38;5;242m  │[0m                                  [1;38;5;203m^[0m
[38;5;242m  └─[0m

[38;5;242m  issue #[0m[38;5;220m357[0m · [38;5;242mUnexpected token at top level: RBrace[0m
[38;5;242m  ┌─ [0mtest_lexer.nux:790:25
[38;5;242m  │[0m
[38;5;242m  │[0m [38;5;242m790[0m[38;5;242m ┊[0m                          } else {
[38;5;242m  │[0m                              [1;38;5;203m^[0m
[38;5;242m  └─[0m

[38;5;242m  issue #[0m[38;5;220m358[0m · [38;5;242mUnexpected token at top level: Else[0m
[38;5;242m  ┌─ [0mtest_lexer.nux:790:27
[38;5;242m  │[0m
[38;5;242m  │[0m [38;5;242m790[0m[38;5;242m ┊[0m                          } else {
[38;5;242m  │[0m                                [1;38;5;203m^[0m
[38;5;242m  └─[0m

[38;5;242m  issue #[0m[38;5;220m359[0m · [38;5;242mUndefined variable 'this'[0m
[38;5;242m  ┌─ [0mtest_lexer.nux:791:45
[38;5;242m  │[0m
[38;5;242m  │[0m [38;5;242m791[0m[38;5;242m ┊[0m                              this.advance_pos();
[38;5;242m  │[0m                                                  [1;38;5;203m^[0m
[38;5;242m  └─[0m

[38;5;242m  issue #[0m[38;5;220m360[0m · [38;5;242mUnexpected token at top level: RBrace[0m
[38;5;242m  ┌─ [0mtest_lexer.nux:793:21
[38;5;242m  │[0m
[38;5;242m  │[0m [38;5;242m793[0m[38;5;242m ┊[0m                      }
[38;5;242m  │[0m                          [1;38;5;203m^[0m
[38;5;242m  └─[0m

[38;5;242m  issue #[0m[38;5;220m361[0m · [38;5;242mUnexpected token at top level: RBrace[0m
[38;5;242m  ┌─ [0mtest_lexer.nux:794:17
[38;5;242m  │[0m
[38;5;242m  │[0m [38;5;242m794[0m[38;5;242m ┊[0m                  }
[38;5;242m  │[0m                      [1;38;5;203m^[0m
[38;5;242m  └─[0m

[38;5;242m  issue #[0m[38;5;220m362[0m · [38;5;242mUndefined variable 'this'[0m
[38;5;242m  ┌─ [0mtest_lexer.nux:795:32
[38;5;242m  │[0m
[38;5;242m  │[0m [38;5;242m795[0m[38;5;242m ┊[0m                  this.next_token();
[38;5;242m  │[0m                                     [1;38;5;203m^[0m
[38;5;242m  └─[0m

[38;5;242m  issue #[0m[38;5;220m363[0m · [38;5;242mUnexpected token at top level: RBrace[0m
[38;5;242m  ┌─ [0mtest_lexer.nux:797:13
[38;5;242m  │[0m
[38;5;242m  │[0m [38;5;242m797[0m[38;5;242m ┊[0m              } else {
[38;5;242m  │[0m                  [1;38;5;203m^[0m
[38;5;242m  └─[0m

[38;5;242m  issue #[0m[38;5;220m364[0m · [38;5;242mUnexpected token at top level: Else[0m
[38;5;242m  ┌─ [0mtest_lexer.nux:797:15
[38;5;242m  │[0m
[38;5;242m  │[0m [38;5;242m797[0m[38;5;242m ┊[0m              } else {
[38;5;242m  │[0m                    [1;38;5;203m^[0m
[38;5;242m  └─[0m

[38;5;242m  issue #[0m[38;5;220m365[0m · [38;5;242mUndefined variable 'this'[0m
[38;5;242m  ┌─ [0mtest_lexer.nux:798:28
[38;5;242m  │[0m
[38;5;242m  │[0m [38;5;242m798[0m[38;5;242m ┊[0m                  while (this.pos < this.length) {
[38;5;242m  │[0m                                 [1;38;5;203m^[0m
[38;5;242m  └─[0m

[38;5;242m  issue #[0m[38;5;220m366[0m · [38;5;242mUndefined variable 'this'[0m
[38;5;242m  ┌─ [0mtest_lexer.nux:799:29
[38;5;242m  │[0m
[38;5;242m  │[0m [38;5;242m799[0m[38;5;242m ┊[0m                      if (this.cur() == 10) { break; }
[38;5;242m  │[0m                                  [1;38;5;203m^[0m
[38;5;242m  └─[0m

[38;5;242m  issue #[0m[38;5;220m367[0m · [38;5;242mUndefined variable 'this'[0m
[38;5;242m  ┌─ [0mtest_lexer.nux:800:37
[38;5;242m  │[0m
[38;5;242m  │[0m [38;5;242m800[0m[38;5;242m ┊[0m                      this.advance_pos();
[38;5;242m  │[0m                                          [1;38;5;203m^[0m
[38;5;242m  └─[0m

[38;5;242m  issue #[0m[38;5;220m368[0m · [38;5;242mUnexpected token at top level: RBrace[0m
[38;5;242m  ┌─ [0mtest_lexer.nux:801:17
[38;5;242m  │[0m
[38;5;242m  │[0m [38;5;242m801[0m[38;5;242m ┊[0m                  }
[38;5;242m  │[0m                      [1;38;5;203m^[0m
[38;5;242m  └─[0m

[38;5;242m  issue #[0m[38;5;220m369[0m · [38;5;242mUndefined variable 'this'[0m
[38;5;242m  ┌─ [0mtest_lexer.nux:802:32
[38;5;242m  │[0m
[38;5;242m  │[0m [38;5;242m802[0m[38;5;242m ┊[0m                  this.next_token();
[38;5;242m  │[0m                                     [1;38;5;203m^[0m
[38;5;242m  └─[0m

[38;5;242m  issue #[0m[38;5;220m370[0m · [38;5;242mUnexpected token at top level: RBrace[0m
[38;5;242m  ┌─ [0mtest_lexer.nux:804:13
[38;5;242m  │[0m
[38;5;242m  │[0m [38;5;242m804[0m[38;5;242m ┊[0m              }
[38;5;242m  │[0m                  [1;38;5;203m^[0m
[38;5;242m  └─[0m

[38;5;242m  issue #[0m[38;5;220m371[0m · [38;5;242mUnexpected token at top level: RBrace[0m
[38;5;242m  ┌─ [0mtest_lexer.nux:805:9
[38;5;242m  │[0m
[38;5;242m  │[0m [38;5;242m805[0m[38;5;242m ┊[0m          }
[38;5;242m  │[0m              [1;38;5;203m^[0m
[38;5;242m  └─[0m

[38;5;242m  issue #[0m[38;5;220m372[0m · [38;5;242mUndefined variable 'c'[0m
[38;5;242m  ┌─ [0mtest_lexer.nux:808:15
[38;5;242m  │[0m
[38;5;242m  │[0m [38;5;242m808[0m[38;5;242m ┊[0m          if (c == '!') { is_op = 1; }
[38;5;242m  │[0m                    [1;38;5;203m^[0m
[38;5;242m  └─[0m

[38;5;242m  issue #[0m[38;5;220m373[0m · [38;5;242mUnexpected token at top level: RBrace[0m
[38;5;242m  ┌─ [0mtest_lexer.nux:808:36
[38;5;242m  │[0m
[38;5;242m  │[0m [38;5;242m808[0m[38;5;242m ┊[0m          if (c == '!') { is_op = 1; }
[38;5;242m  │[0m                                         [1;38;5;203m^[0m
[38;5;242m  └─[0m

[38;5;242m  issue #[0m[38;5;220m374[0m · [38;5;242mUndefined variable 'c'[0m
[38;5;242m  ┌─ [0mtest_lexer.nux:809:15
[38;5;242m  │[0m
[38;5;242m  │[0m [38;5;242m809[0m[38;5;242m ┊[0m          if (c == '<') { is_op = 1; }
[38;5;242m  │[0m                    [1;38;5;203m^[0m
[38;5;242m  └─[0m

[38;5;242m  issue #[0m[38;5;220m375[0m · [38;5;242mUnexpected token at top level: RBrace[0m
[38;5;242m  ┌─ [0mtest_lexer.nux:809:36
[38;5;242m  │[0m
[38;5;242m  │[0m [38;5;242m809[0m[38;5;242m ┊[0m          if (c == '<') { is_op = 1; }
[38;5;242m  │[0m                                         [1;38;5;203m^[0m
[38;5;242m  └─[0m

[38;5;242m  issue #[0m[38;5;220m376[0m · [38;5;242mUndefined variable 'c'[0m
[38;5;242m  ┌─ [0mtest_lexer.nux:810:15
[38;5;242m  │[0m
[38;5;242m  │[0m [38;5;242m810[0m[38;5;242m ┊[0m          if (c == '>') { is_op = 1; }
[38;5;242m  │[0m                    [1;38;5;203m^[0m
[38;5;242m  └─[0m

[38;5;242m  issue #[0m[38;5;220m377[0m · [38;5;242mUnexpected token at top level: RBrace[0m
[38;5;242m  ┌─ [0mtest_lexer.nux:810:36
[38;5;242m  │[0m
[38;5;242m  │[0m [38;5;242m810[0m[38;5;242m ┊[0m          if (c == '>') { is_op = 1; }
[38;5;242m  │[0m                                         [1;38;5;203m^[0m
[38;5;242m  └─[0m

[38;5;242m  issue #[0m[38;5;220m378[0m · [38;5;242mUndefined variable 'c'[0m
[38;5;242m  ┌─ [0mtest_lexer.nux:811:15
[38;5;242m  │[0m
[38;5;242m  │[0m [38;5;242m811[0m[38;5;242m ┊[0m          if (c == '&') { is_op = 1; }
[38;5;242m  │[0m                    [1;38;5;203m^[0m
[38;5;242m  └─[0m

[38;5;242m  issue #[0m[38;5;220m379[0m · [38;5;242mUnexpected token at top level: RBrace[0m
[38;5;242m  ┌─ [0mtest_lexer.nux:811:36
[38;5;242m  │[0m
[38;5;242m  │[0m [38;5;242m811[0m[38;5;242m ┊[0m          if (c == '&') { is_op = 1; }
[38;5;242m  │[0m                                         [1;38;5;203m^[0m
[38;5;242m  └─[0m

[38;5;242m  issue #[0m[38;5;220m380[0m · [38;5;242mUndefined variable 'c'[0m
[38;5;242m  ┌─ [0mtest_lexer.nux:812:15
[38;5;242m  │[0m
[38;5;242m  │[0m [38;5;242m812[0m[38;5;242m ┊[0m          if (c == '|') { is_op = 1; }
[38;5;242m  │[0m                    [1;38;5;203m^[0m
[38;5;242m  └─[0m

[38;5;242m  issue #[0m[38;5;220m381[0m · [38;5;242mUnexpected token at top level: RBrace[0m
[38;5;242m  ┌─ [0mtest_lexer.nux:812:36
[38;5;242m  │[0m
[38;5;242m  │[0m [38;5;242m812[0m[38;5;242m ┊[0m          if (c == '|') { is_op = 1; }
[38;5;242m  │[0m                                         [1;38;5;203m^[0m
[38;5;242m  └─[0m

[38;5;242m  issue #[0m[38;5;220m382[0m · [38;5;242mUndefined variable 'c'[0m
[38;5;242m  ┌─ [0mtest_lexer.nux:813:15
[38;5;242m  │[0m
[38;5;242m  │[0m [38;5;242m813[0m[38;5;242m ┊[0m          if (c == '^') { is_op = 1; }
[38;5;242m  │[0m                    [1;38;5;203m^[0m
[38;5;242m  └─[0m

[38;5;242m  issue #[0m[38;5;220m383[0m · [38;5;242mUnexpected token at top level: RBrace[0m
[38;5;242m  ┌─ [0mtest_lexer.nux:813:36
[38;5;242m  │[0m
[38;5;242m  │[0m [38;5;242m813[0m[38;5;242m ┊[0m          if (c == '^') { is_op = 1; }
[38;5;242m  │[0m                                         [1;38;5;203m^[0m
[38;5;242m  └─[0m

[38;5;242m  issue #[0m[38;5;220m384[0m · [38;5;242mUndefined variable 'c'[0m
[38;5;242m  ┌─ [0mtest_lexer.nux:814:15
[38;5;242m  │[0m
[38;5;242m  │[0m [38;5;242m814[0m[38;5;242m ┊[0m          if (c == '~') { is_op = 1; }
[38;5;242m  │[0m                    [1;38;5;203m^[0m
[38;5;242m  └─[0m

[38;5;242m  issue #[0m[38;5;220m385[0m · [38;5;242mUnexpected token at top level: RBrace[0m
[38;5;242m  ┌─ [0mtest_lexer.nux:814:36
[38;5;242m  │[0m
[38;5;242m  │[0m [38;5;242m814[0m[38;5;242m ┊[0m          if (c == '~') { is_op = 1; }
[38;5;242m  │[0m                                         [1;38;5;203m^[0m
[38;5;242m  └─[0m

[38;5;242m  issue #[0m[38;5;220m386[0m · [38;5;242mUndefined variable 'this'[0m
[38;5;242m  ┌─ [0mtest_lexer.nux:816:30
[38;5;242m  │[0m
[38;5;242m  │[0m [38;5;242m816[0m[38;5;242m ┊[0m              this.lex_operator();
[38;5;242m  │[0m                                   [1;38;5;203m^[0m
[38;5;242m  └─[0m

[38;5;242m  issue #[0m[38;5;220m387[0m · [38;5;242mUndefined variable 'c'[0m
[38;5;242m  ┌─ [0mtest_lexer.nux:820:15
[38;5;242m  │[0m
[38;5;242m  │[0m [38;5;242m820[0m[38;5;242m ┊[0m          if (c == 39) {
[38;5;242m  │[0m                    [1;38;5;203m^[0m
[38;5;242m  └─[0m

[38;5;242m  issue #[0m[38;5;220m388[0m · [38;5;242mUndefined variable 'this'[0m
[38;5;242m  ┌─ [0mtest_lexer.nux:822:21
[38;5;242m  │[0m
[38;5;242m  │[0m [38;5;242m822[0m[38;5;242m ┊[0m              if (this.pos < this.length) {
[38;5;242m  │[0m                          [1;38;5;203m^[0m
[38;5;242m  └─[0m

[38;5;242m  issue #[0m[38;5;220m389[0m · [38;5;242mUndefined variable 'this'[0m
[38;5;242m  ┌─ [0mtest_lexer.nux:823:30
[38;5;242m  │[0m
[38;5;242m  │[0m [38;5;242m823[0m[38;5;242m ┊[0m                  var ch = this.cur();
[38;5;242m  │[0m                                   [1;38;5;203m^[0m
[38;5;242m  └─[0m

[38;5;242m  issue #[0m[38;5;220m390[0m · [38;5;242mUndefined variable 'this'[0m
[38;5;242m  ┌─ [0mtest_lexer.nux:824:33
[38;5;242m  │[0m
[38;5;242m  │[0m [38;5;242m824[0m[38;5;242m ┊[0m                  this.advance_pos();
[38;5;242m  │[0m                                      [1;38;5;203m^[0m
[38;5;242m  └─[0m

[38;5;242m  issue #[0m[38;5;220m391[0m · [38;5;242mUndefined variable 'this'[0m
[38;5;242m  ┌─ [0mtest_lexer.nux:825:25
[38;5;242m  │[0m
[38;5;242m  │[0m [38;5;242m825[0m[38;5;242m ┊[0m                  if (this.pos < this.length) {
[38;5;242m  │[0m                              [1;38;5;203m^[0m
[38;5;242m  └─[0m

[38;5;242m  issue #[0m[38;5;220m392[0m · [38;5;242mUndefined variable 'this'[0m
[38;5;242m  ┌─ [0mtest_lexer.nux:826:29
[38;5;242m  │[0m
[38;5;242m  │[0m [38;5;242m826[0m[38;5;242m ┊[0m                      if (this.cur() == 39) {
[38;5;242m  │[0m                                  [1;38;5;203m^[0m
[38;5;242m  └─[0m

[38;5;242m  issue #[0m[38;5;220m393[0m · [38;5;242mUndefined variable 'this'[0m
[38;5;242m  ┌─ [0mtest_lexer.nux:828:38
[38;5;242m  │[0m
[38;5;242m  │[0m [38;5;242m828[0m[38;5;242m ┊[0m                          this.tk_ival = ch;
[38;5;242m  │[0m                                           [1;38;5;203m^[0m
[38;5;242m  └─[0m

[38;5;242m  issue #[0m[38;5;220m394[0m · [38;5;242mUndefined variable 'this'[0m
[38;5;242m  ┌─ [0mtest_lexer.nux:829:36
[38;5;242m  │[0m
[38;5;242m  │[0m [38;5;242m829[0m[38;5;242m ┊[0m                          this.set_tk(TK_NUMBER);
[38;5;242m  │[0m                                         [1;38;5;203m^[0m
[38;5;242m  └─[0m

[38;5;242m  issue #[0m[38;5;220m395[0m · [38;5;242mUnexpected token at top level: RBrace[0m
[38;5;242m  ┌─ [0mtest_lexer.nux:830:21
[38;5;242m  │[0m
[38;5;242m  │[0m [38;5;242m830[0m[38;5;242m ┊[0m                      } else {
[38;5;242m  │[0m                          [1;38;5;203m^[0m
[38;5;242m  └─[0m

[38;5;242m  issue #[0m[38;5;220m396[0m · [38;5;242mUnexpected token at top level: Else[0m
[38;5;242m  ┌─ [0mtest_lexer.nux:830:23
[38;5;242m  │[0m
[38;5;242m  │[0m [38;5;242m830[0m[38;5;242m ┊[0m                      } else {
[38;5;242m  │[0m                            [1;38;5;203m^[0m
[38;5;242m  └─[0m

[38;5;242m  issue #[0m[38;5;220m397[0m · [38;5;242mUndefined variable 'this'[0m
[38;5;242m  ┌─ [0mtest_lexer.nux:831:36
[38;5;242m  │[0m
[38;5;242m  │[0m [38;5;242m831[0m[38;5;242m ┊[0m                          this.set_tk(TK_IDENTIFIER);
[38;5;242m  │[0m                                         [1;38;5;203m^[0m
[38;5;242m  └─[0m

[38;5;242m  issue #[0m[38;5;220m398[0m · [38;5;242mUnexpected token at top level: RBrace[0m
[38;5;242m  ┌─ [0mtest_lexer.nux:833:17
[38;5;242m  │[0m
[38;5;242m  │[0m [38;5;242m833[0m[38;5;242m ┊[0m                  } else {
[38;5;242m  │[0m                      [1;38;5;203m^[0m
[38;5;242m  └─[0m

[38;5;242m  issue #[0m[38;5;220m399[0m · [38;5;242mUnexpected token at top level: Else[0m
[38;5;242m  ┌─ [0mtest_lexer.nux:833:19
[38;5;242m  │[0m
[38;5;242m  │[0m [38;5;242m833[0m[38;5;242m ┊[0m                  } else {
[38;5;242m  │[0m                        [1;38;5;203m^[0m
[38;5;242m  └─[0m

[38;5;242m  issue #[0m[38;5;220m400[0m · [38;5;242mUndefined variable 'this'[0m
[38;5;242m  ┌─ [0mtest_lexer.nux:834:32
[38;5;242m  │[0m
[38;5;242m  │[0m [38;5;242m834[0m[38;5;242m ┊[0m                      this.set_tk(TK_IDENTIFIER);
[38;5;242m  │[0m                                     [1;38;5;203m^[0m
[38;5;242m  └─[0m

[38;5;242m  issue #[0m[38;5;220m401[0m · [38;5;242mUnexpected token at top level: RBrace[0m
[38;5;242m  ┌─ [0mtest_lexer.nux:836:13
[38;5;242m  │[0m
[38;5;242m  │[0m [38;5;242m836[0m[38;5;242m ┊[0m              } else {
[38;5;242m  │[0m                  [1;38;5;203m^[0m
[38;5;242m  └─[0m

[38;5;242m  issue #[0m[38;5;220m402[0m · [38;5;242mUnexpected token at top level: Else[0m
[38;5;242m  ┌─ [0mtest_lexer.nux:836:15
[38;5;242m  │[0m
[38;5;242m  │[0m [38;5;242m836[0m[38;5;242m ┊[0m              } else {
[38;5;242m  │[0m                    [1;38;5;203m^[0m
[38;5;242m  └─[0m

[38;5;242m  issue #[0m[38;5;220m403[0m · [38;5;242mUndefined variable 'this'[0m
[38;5;242m  ┌─ [0mtest_lexer.nux:837:28
[38;5;242m  │[0m
[38;5;242m  │[0m [38;5;242m837[0m[38;5;242m ┊[0m                  this.set_tk(TK_IDENTIFIER);
[38;5;242m  │[0m                                 [1;38;5;203m^[0m
[38;5;242m  └─[0m

[38;5;242m  issue #[0m[38;5;220m404[0m · [38;5;242mUnexpected token at top level: RBrace[0m
[38;5;242m  ┌─ [0mtest_lexer.nux:840:9
[38;5;242m  │[0m
[38;5;242m  │[0m [38;5;242m840[0m[38;5;242m ┊[0m          }
[38;5;242m  │[0m              [1;38;5;203m^[0m
[38;5;242m  └─[0m

[38;5;242m  issue #[0m[38;5;220m405[0m · [38;5;242mUndefined variable 'c'[0m
[38;5;242m  ┌─ [0mtest_lexer.nux:842:15
[38;5;242m  │[0m
[38;5;242m  │[0m [38;5;242m842[0m[38;5;242m ┊[0m          if (c == '"') {
[38;5;242m  │[0m                    [1;38;5;203m^[0m
[38;5;242m  └─[0m

[38;5;242m  issue #[0m[38;5;220m406[0m · [38;5;242mUnexpected token at top level: RBrace[0m
[38;5;242m  ┌─ [0mtest_lexer.nux:845:9
[38;5;242m  │[0m
[38;5;242m  │[0m [38;5;242m845[0m[38;5;242m ┊[0m          }
[38;5;242m  │[0m              [1;38;5;203m^[0m
[38;5;242m  └─[0m

[38;5;242m  issue #[0m[38;5;220m407[0m · [38;5;242mUndefined variable 'c'[0m
[38;5;242m  ┌─ [0mtest_lexer.nux:847:27
[38;5;242m  │[0m
[38;5;242m  │[0m [38;5;242m847[0m[38;5;242m ┊[0m          if (lex_is_digit(c) == 1) {
[38;5;242m  │[0m                                [1;38;5;203m^[0m
[38;5;242m  └─[0m

[38;5;242m  issue #[0m[38;5;220m408[0m · [38;5;242mUnexpected token at top level: RBrace[0m
[38;5;242m  ┌─ [0mtest_lexer.nux:850:9
[38;5;242m  │[0m
[38;5;242m  │[0m [38;5;242m850[0m[38;5;242m ┊[0m          }
[38;5;242m  │[0m              [1;38;5;203m^[0m
[38;5;242m  └─[0m

[38;5;242m  issue #[0m[38;5;220m409[0m · [38;5;242mUndefined variable 'c'[0m
[38;5;242m  ┌─ [0mtest_lexer.nux:852:27
[38;5;242m  │[0m
[38;5;242m  │[0m [38;5;242m852[0m[38;5;242m ┊[0m          if (lex_is_alpha(c) == 1) {
[38;5;242m  │[0m                                [1;38;5;203m^[0m
[38;5;242m  └─[0m

[38;5;242m  issue #[0m[38;5;220m410[0m · [38;5;242mUnexpected token at top level: RBrace[0m
[38;5;242m  ┌─ [0mtest_lexer.nux:855:9
[38;5;242m  │[0m
[38;5;242m  │[0m [38;5;242m855[0m[38;5;242m ┊[0m          }
[38;5;242m  │[0m              [1;38;5;203m^[0m
[38;5;242m  └─[0m

[38;5;242m  issue #[0m[38;5;220m411[0m · [38;5;242mUndefined variable 'this'[0m
[38;5;242m  ┌─ [0mtest_lexer.nux:857:25
[38;5;242m  │[0m
[38;5;242m  │[0m [38;5;242m857[0m[38;5;242m ┊[0m          this.advance_pos();
[38;5;242m  │[0m                              [1;38;5;203m^[0m
[38;5;242m  └─[0m

[38;5;242m  issue #[0m[38;5;220m412[0m · [38;5;242mUndefined variable 'this'[0m
[38;5;242m  ┌─ [0mtest_lexer.nux:858:20
[38;5;242m  │[0m
[38;5;242m  │[0m [38;5;242m858[0m[38;5;242m ┊[0m          this.set_tk(TK_IDENTIFIER);
[38;5;242m  │[0m                         [1;38;5;203m^[0m
[38;5;242m  └─[0m

[38;5;242m  issue #[0m[38;5;220m413[0m · [38;5;242mUnexpected token at top level: RBrace[0m
[38;5;242m  ┌─ [0mtest_lexer.nux:860:5
[38;5;242m  │[0m
[38;5;242m  │[0m [38;5;242m860[0m[38;5;242m ┊[0m      }
[38;5;242m  │[0m          [1;38;5;203m^[0m
[38;5;242m  └─[0m

[38;5;242m  issue #[0m[38;5;220m414[0m · [38;5;242mUnexpected token at top level: RBrace[0m
[38;5;242m  ┌─ [0mtest_lexer.nux:861:1
[38;5;242m  │[0m
[38;5;242m  │[0m [38;5;242m861[0m[38;5;242m ┊[0m  }
[38;5;242m  │[0m      [1;38;5;203m^[0m
[38;5;242m  └─[0m

[38;5;242m  issue #[0m[38;5;220m415[0m · [38;5;242mUndefined class 'Lexer'[0m
[38;5;242m  ┌─ [0mtest_lexer.nux:969:22
[38;5;242m  │[0m
[38;5;242m  │[0m [38;5;242m969[0m[38;5;242m ┊[0m  var lexer = new Lexer;
[38;5;242m  │[0m                           [1;38;5;203m^[0m
[38;5;242m  └─[0m

[38;5;242m  issue #[0m[38;5;220m416[0m · [38;5;242mUndefined variable 'lexer'[0m
[38;5;242m  ┌─ [0mtest_lexer.nux:972:17
[38;5;242m  │[0m
[38;5;242m  │[0m [38;5;242m972[0m[38;5;242m ┊[0m  lexer.next_token();
[38;5;242m  │[0m                      [1;38;5;203m^[0m
[38;5;242m  └─[0m

[38;5;242m  issue #[0m[38;5;220m417[0m · [38;5;242mUndefined variable 'lexer'[0m
[38;5;242m  ┌─ [0mtest_lexer.nux:973:19
[38;5;242m  │[0m
[38;5;242m  │[0m [38;5;242m973[0m[38;5;242m ┊[0m  var t_type = lexer.tk_kind;
[38;5;242m  │[0m                        [1;38;5;203m^[0m
[38;5;242m  └─[0m

[38;5;242m  issue #[0m[38;5;220m418[0m · [38;5;242mUndefined variable 't_type'[0m
[38;5;242m  ┌─ [0mtest_lexer.nux:974:15
[38;5;242m  │[0m
[38;5;242m  │[0m [38;5;242m974[0m[38;5;242m ┊[0m  while (t_type != 0) {
[38;5;242m  │[0m                    [1;38;5;203m^[0m
[38;5;242m  └─[0m

[38;5;242m  issue #[0m[38;5;220m419[0m · [38;5;242mUndefined variable 't_type'[0m
[38;5;242m  ┌─ [0mtest_lexer.nux:976:17
[38;5;242m  │[0m
[38;5;242m  │[0m [38;5;242m976[0m[38;5;242m ┊[0m      print(t_type);
[38;5;242m  │[0m                      [1;38;5;203m^[0m
[38;5;242m  └─[0m

[38;5;242m  issue #[0m[38;5;220m420[0m · [38;5;242mUndefined variable 'lexer'[0m
[38;5;242m  ┌─ [0mtest_lexer.nux:980:21
[38;5;242m  │[0m
[38;5;242m  │[0m [38;5;242m980[0m[38;5;242m ┊[0m      lexer.next_token();
[38;5;242m  │[0m                          [1;38;5;203m^[0m
[38;5;242m  └─[0m

[38;5;242m  issue #[0m[38;5;220m421[0m · [38;5;242mUndefined variable 'lexer'[0m
[38;5;242m  ┌─ [0mtest_lexer.nux:981:19
[38;5;242m  │[0m
[38;5;242m  │[0m [38;5;242m981[0m[38;5;242m ┊[0m      t_type = lexer.tk_kind;
[38;5;242m  │[0m                        [1;38;5;203m^[0m
[38;5;242m  └─[0m

[38;5;242m  issue #[0m[38;5;220m422[0m · [38;5;242mUnexpected token at top level: RBrace[0m
[38;5;242m  ┌─ [0mtest_lexer.nux:982:1
[38;5;242m  │[0m
[38;5;242m  │[0m [38;5;242m982[0m[38;5;242m ┊[0m  }
[38;5;242m  │[0m      [1;38;5;203m^[0m
[38;5;242m  └─[0m

[1;38;5;203m  ✗ build stopped — 422 issues must be resolved[0m

